id,subject,run,run_slug_short,run_order,answered,error,is_correct,score_logreg,score_lightgbm
078d0957-0a51-46be-b820-da8f749b30b5,chemistry,frontierscience/deepseek/deepseek-v3.2_reasoning-auto,deepseek/deepseek-v3.2_reasoning-auto,0,True,,True,0.9766630792509278,0.9998611164549125
078d0957-0a51-46be-b820-da8f749b30b5,chemistry,frontierscience/deepseek/deepseek-v3.2_reasoning-auto_s1,deepseek/deepseek-v3.2_reasoning-auto_s1,1,True,,True,0.1026031212820251,0.6698089851110114
078d0957-0a51-46be-b820-da8f749b30b5,chemistry,frontierscience/deepseek/deepseek-v3.2_reasoning-auto_s2,deepseek/deepseek-v3.2_reasoning-auto_s2,2,True,,True,0.9967215962203477,0.9997774665717558
078d0957-0a51-46be-b820-da8f749b30b5,chemistry,frontierscience/deepseek/deepseek-v3.2_reasoning-auto_s3,deepseek/deepseek-v3.2_reasoning-auto_s3,3,True,,True,0.9948881769209226,0.9996125419173655
078d0957-0a51-46be-b820-da8f749b30b5,chemistry,frontierscience/deepseek/deepseek-v3.2_reasoning-auto_s4,deepseek/deepseek-v3.2_reasoning-auto_s4,4,True,,True,0.883996321761912,0.09022661215452865
079657b3-e215-4944-8a67-8bb5347e4f15,chemistry,frontierscience/deepseek/deepseek-v3.2_reasoning-auto,deepseek/deepseek-v3.2_reasoning-auto,0,True,,False,0.4445247412158434,0.24072969141370273
079657b3-e215-4944-8a67-8bb5347e4f15,chemistry,frontierscience/deepseek/deepseek-v3.2_reasoning-auto_s1,deepseek/deepseek-v3.2_reasoning-auto_s1,1,True,,False,0.5899843339786451,0.003914421723258688
079657b3-e215-4944-8a67-8bb5347e4f15,chemistry,frontierscience/deepseek/deepseek-v3.2_reasoning-auto_s2,deepseek/deepseek-v3.2_reasoning-auto_s2,2,True,,False,1.0,0.42784456471888194
079657b3-e215-4944-8a67-8bb5347e4f15,chemistry,frontierscience/deepseek/deepseek-v3.2_reasoning-auto_s3,deepseek/deepseek-v3.2_reasoning-auto_s3,3,True,,False,0.11159514549622172,0.9990021842279766
079657b3-e215-4944-8a67-8bb5347e4f15,chemistry,frontierscience/deepseek/deepseek-v3.2_reasoning-auto_s4,deepseek/deepseek-v3.2_reasoning-auto_s4,4,True,,False,0.4619033454504645,5.330348621028812e-05
0949d931-d0ad-4146-86e7-ef725919e3de,chemistry,frontierscience/deepseek/deepseek-v3.2_reasoning-auto,deepseek/deepseek-v3.2_reasoning-auto,0,True,,False,0.029287474477176025,0.00022165260037214184
0949d931-d0ad-4146-86e7-ef725919e3de,chemistry,frontierscience/deepseek/deepseek-v3.2_reasoning-auto_s1,deepseek/deepseek-v3.2_reasoning-auto_s1,1,True,,True,0.26274796243693466,0.9148182554582549
0949d931-d0ad-4146-86e7-ef725919e3de,chemistry,frontierscience/deepseek/deepseek-v3.2_reasoning-auto_s2,deepseek/deepseek-v3.2_reasoning-auto_s2,2,True,,False,0.20635678468549543,0.011097119814948965
0949d931-d0ad-4146-86e7-ef725919e3de,chemistry,frontierscience/deepseek/deepseek-v3.2_reasoning-auto_s3,deepseek/deepseek-v3.2_reasoning-auto_s3,3,True,,True,0.1789658883080519,0.7972327922444172
0949d931-d0ad-4146-86e7-ef725919e3de,chemistry,frontierscience/deepseek/deepseek-v3.2_reasoning-auto_s4,deepseek/deepseek-v3.2_reasoning-auto_s4,4,True,,True,0.7776466257687515,0.8052379690743684
0ea11f5b-df09-4330-92cc-302a63c22008,physics,frontierscience/deepseek/deepseek-v3.2_reasoning-auto,deepseek/deepseek-v3.2_reasoning-auto,0,True,,True,0.9999974010703171,0.9039189256113949
0ea11f5b-df09-4330-92cc-302a63c22008,physics,frontierscience/deepseek/deepseek-v3.2_reasoning-auto_s1,deepseek/deepseek-v3.2_reasoning-auto_s1,1,True,,True,0.49555807730812734,0.81093831737549
0ea11f5b-df09-4330-92cc-302a63c22008,physics,frontierscience/deepseek/deepseek-v3.2_reasoning-auto_s2,deepseek/deepseek-v3.2_reasoning-auto_s2,2,True,,True,0.977090223667952,0.9098435586742928
0ea11f5b-df09-4330-92cc-302a63c22008,physics,frontierscience/deepseek/deepseek-v3.2_reasoning-auto_s3,deepseek/deepseek-v3.2_reasoning-auto_s3,3,True,,True,0.9999999999098248,0.9905571180730616
0ea11f5b-df09-4330-92cc-302a63c22008,physics,frontierscience/deepseek/deepseek-v3.2_reasoning-auto_s4,deepseek/deepseek-v3.2_reasoning-auto_s4,4,True,,True,0.8137321661519109,0.19053976773837844
111d5872-2705-42c0-8df4-0fb386ba7084,biology,frontierscience/deepseek/deepseek-v3.2_reasoning-auto,deepseek/deepseek-v3.2_reasoning-auto,0,True,,False,0.988660953008595,0.9995575464033972
111d5872-2705-42c0-8df4-0fb386ba7084,biology,frontierscience/deepseek/deepseek-v3.2_reasoning-auto_s1,deepseek/deepseek-v3.2_reasoning-auto_s1,1,True,,False,0.5019304048702105,0.9521827349384628
111d5872-2705-42c0-8df4-0fb386ba7084,biology,frontierscience/deepseek/deepseek-v3.2_reasoning-auto_s2,deepseek/deepseek-v3.2_reasoning-auto_s2,2,True,,True,0.04315812407578201,0.938098762014339
111d5872-2705-42c0-8df4-0fb386ba7084,biology,frontierscience/deepseek/deepseek-v3.2_reasoning-auto_s3,deepseek/deepseek-v3.2_reasoning-auto_s3,3,True,,False,0.9184241517545347,0.7935409806661321
111d5872-2705-42c0-8df4-0fb386ba7084,biology,frontierscience/deepseek/deepseek-v3.2_reasoning-auto_s4,deepseek/deepseek-v3.2_reasoning-auto_s4,4,True,,False,0.052241052546441,0.9190852325293175
11c1fcc0-bcad-4507-951b-550e19f1e2aa,physics,frontierscience/deepseek/deepseek-v3.2_reasoning-auto,deepseek/deepseek-v3.2_reasoning-auto,0,True,,True,0.5067771754748611,0.06175222250483057
11c1fcc0-bcad-4507-951b-550e19f1e2aa,physics,frontierscience/deepseek/deepseek-v3.2_reasoning-auto_s1,deepseek/deepseek-v3.2_reasoning-auto_s1,1,True,,False,0.9770184098121769,0.9684124410883947
11c1fcc0-bcad-4507-951b-550e19f1e2aa,physics,frontierscience/deepseek/deepseek-v3.2_reasoning-auto_s2,deepseek/deepseek-v3.2_reasoning-auto_s2,2,True,,True,0.23843850754598603,0.9146402298088553
11c1fcc0-bcad-4507-951b-550e19f1e2aa,physics,frontierscience/deepseek/deepseek-v3.2_reasoning-auto_s3,deepseek/deepseek-v3.2_reasoning-auto_s3,3,True,,False,0.9939077422361094,0.9992454534587096
11c1fcc0-bcad-4507-951b-550e19f1e2aa,physics,frontierscience/deepseek/deepseek-v3.2_reasoning-auto_s4,deepseek/deepseek-v3.2_reasoning-auto_s4,4,True,,True,0.9440769106157172,0.9998238531825002
1440c195-fba2-48dc-a03d-7b9420891daf,chemistry,frontierscience/deepseek/deepseek-v3.2_reasoning-auto,deepseek/deepseek-v3.2_reasoning-auto,0,True,,True,0.17596626156475065,0.9744660431519157
1440c195-fba2-48dc-a03d-7b9420891daf,chemistry,frontierscience/deepseek/deepseek-v3.2_reasoning-auto_s1,deepseek/deepseek-v3.2_reasoning-auto_s1,1,False,peer closed connection without sending complete message body (incomplete chunked read),False,,
1440c195-fba2-48dc-a03d-7b9420891daf,chemistry,frontierscience/deepseek/deepseek-v3.2_reasoning-auto_s2,deepseek/deepseek-v3.2_reasoning-auto_s2,2,True,,True,0.9967282428524398,0.998998911625552
1440c195-fba2-48dc-a03d-7b9420891daf,chemistry,frontierscience/deepseek/deepseek-v3.2_reasoning-auto_s3,deepseek/deepseek-v3.2_reasoning-auto_s3,3,True,,True,0.8629394514328964,0.8960126403213328
1440c195-fba2-48dc-a03d-7b9420891daf,chemistry,frontierscience/deepseek/deepseek-v3.2_reasoning-auto_s4,deepseek/deepseek-v3.2_reasoning-auto_s4,4,True,,True,0.6693269762189709,0.9973557470466865
1510d6bd-6785-456d-8988-b9382a3aef9c,biology,frontierscience/deepseek/deepseek-v3.2_reasoning-auto,deepseek/deepseek-v3.2_reasoning-auto,0,True,,True,0.515766795909896,0.8449952225098335
1510d6bd-6785-456d-8988-b9382a3aef9c,biology,frontierscience/deepseek/deepseek-v3.2_reasoning-auto_s1,deepseek/deepseek-v3.2_reasoning-auto_s1,1,True,,True,0.2122601317817177,0.2396261520745873
1510d6bd-6785-456d-8988-b9382a3aef9c,biology,frontierscience/deepseek/deepseek-v3.2_reasoning-auto_s2,deepseek/deepseek-v3.2_reasoning-auto_s2,2,True,,True,0.4224625908596613,0.06890889895285232
1510d6bd-6785-456d-8988-b9382a3aef9c,biology,frontierscience/deepseek/deepseek-v3.2_reasoning-auto_s3,deepseek/deepseek-v3.2_reasoning-auto_s3,3,True,,True,0.6192065872664964,0.565943301051826
1510d6bd-6785-456d-8988-b9382a3aef9c,biology,frontierscience/deepseek/deepseek-v3.2_reasoning-auto_s4,deepseek/deepseek-v3.2_reasoning-auto_s4,4,True,,True,0.7580945240121534,0.4033499558233338
16318af5-cfa6-4b2c-bf25-9eb3ac468b48,physics,frontierscience/deepseek/deepseek-v3.2_reasoning-auto,deepseek/deepseek-v3.2_reasoning-auto,0,True,,True,0.2709430493841015,0.9690904609986146
16318af5-cfa6-4b2c-bf25-9eb3ac468b48,physics,frontierscience/deepseek/deepseek-v3.2_reasoning-auto_s1,deepseek/deepseek-v3.2_reasoning-auto_s1,1,True,,True,0.5277148629417608,0.9210591726831291
16318af5-cfa6-4b2c-bf25-9eb3ac468b48,physics,frontierscience/deepseek/deepseek-v3.2_reasoning-auto_s2,deepseek/deepseek-v3.2_reasoning-auto_s2,2,True,,False,0.9998209649656868,0.08749834621690857
16318af5-cfa6-4b2c-bf25-9eb3ac468b48,physics,frontierscience/deepseek/deepseek-v3.2_reasoning-auto_s3,deepseek/deepseek-v3.2_reasoning-auto_s3,3,True,,True,0.2325565912138478,0.877726025149489
16318af5-cfa6-4b2c-bf25-9eb3ac468b48,physics,frontierscience/deepseek/deepseek-v3.2_reasoning-auto_s4,deepseek/deepseek-v3.2_reasoning-auto_s4,4,True,,True,0.9557573350590702,0.40740881921577177
19962a30-eaf9-4b7e-86c7-17c02cdb01bd,physics,frontierscience/deepseek/deepseek-v3.2_reasoning-auto,deepseek/deepseek-v3.2_reasoning-auto,0,True,,True,0.9015714622557055,0.432370066149673
19962a30-eaf9-4b7e-86c7-17c02cdb01bd,physics,frontierscience/deepseek/deepseek-v3.2_reasoning-auto_s1,deepseek/deepseek-v3.2_reasoning-auto_s1,1,True,,False,0.029605100957030443,0.5820805544363546
19962a30-eaf9-4b7e-86c7-17c02cdb01bd,physics,frontierscience/deepseek/deepseek-v3.2_reasoning-auto_s2,deepseek/deepseek-v3.2_reasoning-auto_s2,2,True,,True,0.5992249580733426,0.8840299653812256
19962a30-eaf9-4b7e-86c7-17c02cdb01bd,physics,frontierscience/deepseek/deepseek-v3.2_reasoning-auto_s3,deepseek/deepseek-v3.2_reasoning-auto_s3,3,True,,True,0.004041479461788257,0.6020779064198813
19962a30-eaf9-4b7e-86c7-17c02cdb01bd,physics,frontierscience/deepseek/deepseek-v3.2_reasoning-auto_s4,deepseek/deepseek-v3.2_reasoning-auto_s4,4,True,,True,0.9205042254080799,0.9929330038702372
1dba0086-bca8-4b25-8843-e6e428f9284d,physics,frontierscience/deepseek/deepseek-v3.2_reasoning-auto,deepseek/deepseek-v3.2_reasoning-auto,0,True,,True,0.5168310303236698,0.9111060987073333
1dba0086-bca8-4b25-8843-e6e428f9284d,physics,frontierscience/deepseek/deepseek-v3.2_reasoning-auto_s1,deepseek/deepseek-v3.2_reasoning-auto_s1,1,True,,False,0.8160494869499979,0.09714805177649487
1dba0086-bca8-4b25-8843-e6e428f9284d,physics,frontierscience/deepseek/deepseek-v3.2_reasoning-auto_s2,deepseek/deepseek-v3.2_reasoning-auto_s2,2,True,,True,0.234989170080632,0.8361751511085814
1dba0086-bca8-4b25-8843-e6e428f9284d,physics,frontierscience/deepseek/deepseek-v3.2_reasoning-auto_s3,deepseek/deepseek-v3.2_reasoning-auto_s3,3,True,,True,0.5763602503951967,0.2917089334739225
1dba0086-bca8-4b25-8843-e6e428f9284d,physics,frontierscience/deepseek/deepseek-v3.2_reasoning-auto_s4,deepseek/deepseek-v3.2_reasoning-auto_s4,4,True,,False,0.04389266279221997,0.12305012804747226
1e2f4cbe-4a38-4dd3-9378-14df40f7599f,physics,frontierscience/deepseek/deepseek-v3.2_reasoning-auto,deepseek/deepseek-v3.2_reasoning-auto,0,False,Response validation failed: EOF while parsing a value at line 203 column 0,False,,
1e2f4cbe-4a38-4dd3-9378-14df40f7599f,physics,frontierscience/deepseek/deepseek-v3.2_reasoning-auto_s1,deepseek/deepseek-v3.2_reasoning-auto_s1,1,True,,True,0.5324363708588169,0.955305113099819
1e2f4cbe-4a38-4dd3-9378-14df40f7599f,physics,frontierscience/deepseek/deepseek-v3.2_reasoning-auto_s2,deepseek/deepseek-v3.2_reasoning-auto_s2,2,True,,True,0.8279815303804728,0.9685756047814901
1e2f4cbe-4a38-4dd3-9378-14df40f7599f,physics,frontierscience/deepseek/deepseek-v3.2_reasoning-auto_s3,deepseek/deepseek-v3.2_reasoning-auto_s3,3,True,,True,0.999645851724003,0.9820097821159344
1e2f4cbe-4a38-4dd3-9378-14df40f7599f,physics,frontierscience/deepseek/deepseek-v3.2_reasoning-auto_s4,deepseek/deepseek-v3.2_reasoning-auto_s4,4,True,,True,0.5541230728213394,0.8585715533940294
1eca2503-b141-4f9f-ab10-e27d272c93b0,biology,frontierscience/deepseek/deepseek-v3.2_reasoning-auto,deepseek/deepseek-v3.2_reasoning-auto,0,True,,False,0.9473592464150615,0.872630121787152
1eca2503-b141-4f9f-ab10-e27d272c93b0,biology,frontierscience/deepseek/deepseek-v3.2_reasoning-auto_s1,deepseek/deepseek-v3.2_reasoning-auto_s1,1,True,,False,0.3541560654327695,0.9095538561992962
1eca2503-b141-4f9f-ab10-e27d272c93b0,biology,frontierscience/deepseek/deepseek-v3.2_reasoning-auto_s2,deepseek/deepseek-v3.2_reasoning-auto_s2,2,True,,False,0.3504434006739003,0.12517273628284656
1eca2503-b141-4f9f-ab10-e27d272c93b0,biology,frontierscience/deepseek/deepseek-v3.2_reasoning-auto_s3,deepseek/deepseek-v3.2_reasoning-auto_s3,3,True,,False,0.7223432960655037,0.051155461003476704
1eca2503-b141-4f9f-ab10-e27d272c93b0,biology,frontierscience/deepseek/deepseek-v3.2_reasoning-auto_s4,deepseek/deepseek-v3.2_reasoning-auto_s4,4,True,,False,0.9144503337338156,0.0718698791525432
20daab54-df1b-4006-a544-7198daee7847,physics,frontierscience/deepseek/deepseek-v3.2_reasoning-auto,deepseek/deepseek-v3.2_reasoning-auto,0,True,,True,0.9908926345948915,0.8946404032025569
20daab54-df1b-4006-a544-7198daee7847,physics,frontierscience/deepseek/deepseek-v3.2_reasoning-auto_s1,deepseek/deepseek-v3.2_reasoning-auto_s1,1,True,,True,0.436620311106959,0.07783950239158949
20daab54-df1b-4006-a544-7198daee7847,physics,frontierscience/deepseek/deepseek-v3.2_reasoning-auto_s2,deepseek/deepseek-v3.2_reasoning-auto_s2,2,True,,False,0.49392313197167287,0.30285491552891114
20daab54-df1b-4006-a544-7198daee7847,physics,frontierscience/deepseek/deepseek-v3.2_reasoning-auto_s3,deepseek/deepseek-v3.2_reasoning-auto_s3,3,True,,True,0.5257592589364425,0.9771975130592614
20daab54-df1b-4006-a544-7198daee7847,physics,frontierscience/deepseek/deepseek-v3.2_reasoning-auto_s4,deepseek/deepseek-v3.2_reasoning-auto_s4,4,True,,False,0.8245782937898037,0.9630930835307696
20fcf049-b356-45cf-83d8-833f280ee107,physics,frontierscience/deepseek/deepseek-v3.2_reasoning-auto,deepseek/deepseek-v3.2_reasoning-auto,0,True,,True,0.9469676999975171,0.9659630710196765
20fcf049-b356-45cf-83d8-833f280ee107,physics,frontierscience/deepseek/deepseek-v3.2_reasoning-auto_s1,deepseek/deepseek-v3.2_reasoning-auto_s1,1,True,,True,0.13782235386782696,0.7838559975343881
20fcf049-b356-45cf-83d8-833f280ee107,physics,frontierscience/deepseek/deepseek-v3.2_reasoning-auto_s2,deepseek/deepseek-v3.2_reasoning-auto_s2,2,True,,True,0.9616908430029155,0.987548841858978
20fcf049-b356-45cf-83d8-833f280ee107,physics,frontierscience/deepseek/deepseek-v3.2_reasoning-auto_s3,deepseek/deepseek-v3.2_reasoning-auto_s3,3,True,,True,0.12333296212506184,0.055158077287594434
20fcf049-b356-45cf-83d8-833f280ee107,physics,frontierscience/deepseek/deepseek-v3.2_reasoning-auto_s4,deepseek/deepseek-v3.2_reasoning-auto_s4,4,True,,True,0.9862243296942407,0.9627886040588284
218df0c2-18db-495f-8c53-eb6758feaff2,physics,frontierscience/deepseek/deepseek-v3.2_reasoning-auto,deepseek/deepseek-v3.2_reasoning-auto,0,True,,True,0.9977259973069628,0.9977842341141538
218df0c2-18db-495f-8c53-eb6758feaff2,physics,frontierscience/deepseek/deepseek-v3.2_reasoning-auto_s1,deepseek/deepseek-v3.2_reasoning-auto_s1,1,True,,True,0.9384571270334368,0.9991665348588589
218df0c2-18db-495f-8c53-eb6758feaff2,physics,frontierscience/deepseek/deepseek-v3.2_reasoning-auto_s2,deepseek/deepseek-v3.2_reasoning-auto_s2,2,True,,True,0.9809054319368669,0.9993324374839694
218df0c2-18db-495f-8c53-eb6758feaff2,physics,frontierscience/deepseek/deepseek-v3.2_reasoning-auto_s3,deepseek/deepseek-v3.2_reasoning-auto_s3,3,True,,False,0.5137231087039765,0.9971555116996337
218df0c2-18db-495f-8c53-eb6758feaff2,physics,frontierscience/deepseek/deepseek-v3.2_reasoning-auto_s4,deepseek/deepseek-v3.2_reasoning-auto_s4,4,True,,True,0.009424504560185376,0.9483001305111711
22f5a060-b2ba-4d68-8ad1-cbcbd58a788e,chemistry,frontierscience/deepseek/deepseek-v3.2_reasoning-auto,deepseek/deepseek-v3.2_reasoning-auto,0,True,,True,0.7946519784947084,0.9998395314379515
22f5a060-b2ba-4d68-8ad1-cbcbd58a788e,chemistry,frontierscience/deepseek/deepseek-v3.2_reasoning-auto_s1,deepseek/deepseek-v3.2_reasoning-auto_s1,1,True,,True,0.15958558751041724,0.07625387570857546
22f5a060-b2ba-4d68-8ad1-cbcbd58a788e,chemistry,frontierscience/deepseek/deepseek-v3.2_reasoning-auto_s2,deepseek/deepseek-v3.2_reasoning-auto_s2,2,True,,True,0.48323657769486555,0.7979168496319077
22f5a060-b2ba-4d68-8ad1-cbcbd58a788e,chemistry,frontierscience/deepseek/deepseek-v3.2_reasoning-auto_s3,deepseek/deepseek-v3.2_reasoning-auto_s3,3,True,,True,0.11713072688159132,0.9833790384995916
22f5a060-b2ba-4d68-8ad1-cbcbd58a788e,chemistry,frontierscience/deepseek/deepseek-v3.2_reasoning-auto_s4,deepseek/deepseek-v3.2_reasoning-auto_s4,4,True,,True,0.29905394882459485,0.9271105138260639
239c543b-7543-445a-b492-89c994b9ba7c,physics,frontierscience/deepseek/deepseek-v3.2_reasoning-auto,deepseek/deepseek-v3.2_reasoning-auto,0,True,,True,0.7676233394747812,0.9675556906755565
239c543b-7543-445a-b492-89c994b9ba7c,physics,frontierscience/deepseek/deepseek-v3.2_reasoning-auto_s1,deepseek/deepseek-v3.2_reasoning-auto_s1,1,False,peer closed connection without sending complete message body (incomplete chunked read),False,,
239c543b-7543-445a-b492-89c994b9ba7c,physics,frontierscience/deepseek/deepseek-v3.2_reasoning-auto_s2,deepseek/deepseek-v3.2_reasoning-auto_s2,2,True,,False,0.060086788003426615,0.0064666712962485945
239c543b-7543-445a-b492-89c994b9ba7c,physics,frontierscience/deepseek/deepseek-v3.2_reasoning-auto_s3,deepseek/deepseek-v3.2_reasoning-auto_s3,3,True,,True,0.9258212662867595,0.9996192802899739
239c543b-7543-445a-b492-89c994b9ba7c,physics,frontierscience/deepseek/deepseek-v3.2_reasoning-auto_s4,deepseek/deepseek-v3.2_reasoning-auto_s4,4,True,,True,0.42231592018670666,0.9203022919775987
23cb57a5-1c57-4f6e-8205-7ffb6116a16a,chemistry,frontierscience/deepseek/deepseek-v3.2_reasoning-auto,deepseek/deepseek-v3.2_reasoning-auto,0,True,,True,0.7513920682734333,0.9991067886796656
23cb57a5-1c57-4f6e-8205-7ffb6116a16a,chemistry,frontierscience/deepseek/deepseek-v3.2_reasoning-auto_s1,deepseek/deepseek-v3.2_reasoning-auto_s1,1,True,,True,0.38514934143666296,0.7457667476139722
23cb57a5-1c57-4f6e-8205-7ffb6116a16a,chemistry,frontierscience/deepseek/deepseek-v3.2_reasoning-auto_s2,deepseek/deepseek-v3.2_reasoning-auto_s2,2,True,,True,0.7727749176086834,0.017586071485332495
23cb57a5-1c57-4f6e-8205-7ffb6116a16a,chemistry,frontierscience/deepseek/deepseek-v3.2_reasoning-auto_s3,deepseek/deepseek-v3.2_reasoning-auto_s3,3,True,,False,0.12328647887574687,0.20978761314995417
23cb57a5-1c57-4f6e-8205-7ffb6116a16a,chemistry,frontierscience/deepseek/deepseek-v3.2_reasoning-auto_s4,deepseek/deepseek-v3.2_reasoning-auto_s4,4,True,,False,0.9731741617705161,0.998244147031432
27c865e6-1c87-489b-b7ea-b197fe3356ba,physics,frontierscience/deepseek/deepseek-v3.2_reasoning-auto,deepseek/deepseek-v3.2_reasoning-auto,0,True,,True,0.7551169546009748,0.9978186707305555
27c865e6-1c87-489b-b7ea-b197fe3356ba,physics,frontierscience/deepseek/deepseek-v3.2_reasoning-auto_s1,deepseek/deepseek-v3.2_reasoning-auto_s1,1,True,,True,0.24792626106892482,0.997350125617016
27c865e6-1c87-489b-b7ea-b197fe3356ba,physics,frontierscience/deepseek/deepseek-v3.2_reasoning-auto_s2,deepseek/deepseek-v3.2_reasoning-auto_s2,2,True,,False,0.7993043478742394,0.9929544449437988
27c865e6-1c87-489b-b7ea-b197fe3356ba,physics,frontierscience/deepseek/deepseek-v3.2_reasoning-auto_s3,deepseek/deepseek-v3.2_reasoning-auto_s3,3,True,,True,0.5971647371701169,0.810014035863157
27c865e6-1c87-489b-b7ea-b197fe3356ba,physics,frontierscience/deepseek/deepseek-v3.2_reasoning-auto_s4,deepseek/deepseek-v3.2_reasoning-auto_s4,4,True,,False,0.27507638053411415,0.0004329765079833179
2c46387b-36e6-43cb-9e73-dbf1341bfafd,physics,frontierscience/deepseek/deepseek-v3.2_reasoning-auto,deepseek/deepseek-v3.2_reasoning-auto,0,False,Response validation failed: EOF while parsing a value at line 223 column 0,False,,
2c46387b-36e6-43cb-9e73-dbf1341bfafd,physics,frontierscience/deepseek/deepseek-v3.2_reasoning-auto_s1,deepseek/deepseek-v3.2_reasoning-auto_s1,1,True,,False,1.0,0.6009200980724189
2c46387b-36e6-43cb-9e73-dbf1341bfafd,physics,frontierscience/deepseek/deepseek-v3.2_reasoning-auto_s2,deepseek/deepseek-v3.2_reasoning-auto_s2,2,True,,False,0.05941942894479562,0.03452507656057349
2c46387b-36e6-43cb-9e73-dbf1341bfafd,physics,frontierscience/deepseek/deepseek-v3.2_reasoning-auto_s3,deepseek/deepseek-v3.2_reasoning-auto_s3,3,True,,False,0.7189532229553628,0.9152499627007964
2c46387b-36e6-43cb-9e73-dbf1341bfafd,physics,frontierscience/deepseek/deepseek-v3.2_reasoning-auto_s4,deepseek/deepseek-v3.2_reasoning-auto_s4,4,True,,True,0.5062588375766579,0.9991407578670377
319ae242-19fc-4542-b75a-d32b325ea923,chemistry,frontierscience/deepseek/deepseek-v3.2_reasoning-auto,deepseek/deepseek-v3.2_reasoning-auto,0,True,,False,0.03198526897431479,0.8500880022602082
319ae242-19fc-4542-b75a-d32b325ea923,chemistry,frontierscience/deepseek/deepseek-v3.2_reasoning-auto_s1,deepseek/deepseek-v3.2_reasoning-auto_s1,1,True,,False,0.9515255572637138,0.9803130674209283
319ae242-19fc-4542-b75a-d32b325ea923,chemistry,frontierscience/deepseek/deepseek-v3.2_reasoning-auto_s2,deepseek/deepseek-v3.2_reasoning-auto_s2,2,True,,False,0.037739936933377224,0.9373931981608393
319ae242-19fc-4542-b75a-d32b325ea923,chemistry,frontierscience/deepseek/deepseek-v3.2_reasoning-auto_s3,deepseek/deepseek-v3.2_reasoning-auto_s3,3,True,,False,0.6603407143191593,0.02672017339535905
319ae242-19fc-4542-b75a-d32b325ea923,chemistry,frontierscience/deepseek/deepseek-v3.2_reasoning-auto_s4,deepseek/deepseek-v3.2_reasoning-auto_s4,4,True,,False,0.04973270253561828,0.14595377668586362
328c6a47-15d7-470e-99f5-73e468634614,physics,frontierscience/deepseek/deepseek-v3.2_reasoning-auto,deepseek/deepseek-v3.2_reasoning-auto,0,True,,False,0.41476480246674785,0.09640506068212201
328c6a47-15d7-470e-99f5-73e468634614,physics,frontierscience/deepseek/deepseek-v3.2_reasoning-auto_s1,deepseek/deepseek-v3.2_reasoning-auto_s1,1,True,,False,0.8559901093998661,0.9952903664063442
328c6a47-15d7-470e-99f5-73e468634614,physics,frontierscience/deepseek/deepseek-v3.2_reasoning-auto_s2,deepseek/deepseek-v3.2_reasoning-auto_s2,2,True,,True,0.6439995865750899,0.7258559899789647
328c6a47-15d7-470e-99f5-73e468634614,physics,frontierscience/deepseek/deepseek-v3.2_reasoning-auto_s3,deepseek/deepseek-v3.2_reasoning-auto_s3,3,True,,False,0.14194688829777355,0.00011460764879231029
328c6a47-15d7-470e-99f5-73e468634614,physics,frontierscience/deepseek/deepseek-v3.2_reasoning-auto_s4,deepseek/deepseek-v3.2_reasoning-auto_s4,4,True,,True,0.031094418210486845,0.9922144326869448
36c373f1-468f-4bba-a8d9-5a73a3be5876,chemistry,frontierscience/deepseek/deepseek-v3.2_reasoning-auto,deepseek/deepseek-v3.2_reasoning-auto,0,True,,True,0.09729301712368776,0.9973958172859211
36c373f1-468f-4bba-a8d9-5a73a3be5876,chemistry,frontierscience/deepseek/deepseek-v3.2_reasoning-auto_s1,deepseek/deepseek-v3.2_reasoning-auto_s1,1,True,,True,0.29429819302186694,0.0236807736041081
36c373f1-468f-4bba-a8d9-5a73a3be5876,chemistry,frontierscience/deepseek/deepseek-v3.2_reasoning-auto_s2,deepseek/deepseek-v3.2_reasoning-auto_s2,2,True,,False,0.3940183327636484,0.013964086763008808
36c373f1-468f-4bba-a8d9-5a73a3be5876,chemistry,frontierscience/deepseek/deepseek-v3.2_reasoning-auto_s3,deepseek/deepseek-v3.2_reasoning-auto_s3,3,True,,True,0.0006329666737299577,0.06696622470451823
36c373f1-468f-4bba-a8d9-5a73a3be5876,chemistry,frontierscience/deepseek/deepseek-v3.2_reasoning-auto_s4,deepseek/deepseek-v3.2_reasoning-auto_s4,4,True,,False,0.8670424687920536,0.08848346414143189
3a998a27-4c4b-47c6-bd2c-dd1c9deb3d63,physics,frontierscience/deepseek/deepseek-v3.2_reasoning-auto,deepseek/deepseek-v3.2_reasoning-auto,0,False,Response validation failed: EOF while parsing a value at line 3943 column 0,False,,
3a998a27-4c4b-47c6-bd2c-dd1c9deb3d63,physics,frontierscience/deepseek/deepseek-v3.2_reasoning-auto_s1,deepseek/deepseek-v3.2_reasoning-auto_s1,1,True,,False,0.7288073747041893,0.3418961932840202
3a998a27-4c4b-47c6-bd2c-dd1c9deb3d63,physics,frontierscience/deepseek/deepseek-v3.2_reasoning-auto_s2,deepseek/deepseek-v3.2_reasoning-auto_s2,2,True,,False,0.7146698579281474,0.7124398869368626
3a998a27-4c4b-47c6-bd2c-dd1c9deb3d63,physics,frontierscience/deepseek/deepseek-v3.2_reasoning-auto_s3,deepseek/deepseek-v3.2_reasoning-auto_s3,3,True,,False,0.11461705385569676,0.16845273312656586
3a998a27-4c4b-47c6-bd2c-dd1c9deb3d63,physics,frontierscience/deepseek/deepseek-v3.2_reasoning-auto_s4,deepseek/deepseek-v3.2_reasoning-auto_s4,4,True,,False,0.9417653013838087,0.9893041620302275
3d762ba1-3958-453b-b34e-fe24c2822994,chemistry,frontierscience/deepseek/deepseek-v3.2_reasoning-auto,deepseek/deepseek-v3.2_reasoning-auto,0,True,,False,0.17421453617466023,0.8475654503263365
3d762ba1-3958-453b-b34e-fe24c2822994,chemistry,frontierscience/deepseek/deepseek-v3.2_reasoning-auto_s1,deepseek/deepseek-v3.2_reasoning-auto_s1,1,True,,False,0.4171558597603433,0.949284568543885
3d762ba1-3958-453b-b34e-fe24c2822994,chemistry,frontierscience/deepseek/deepseek-v3.2_reasoning-auto_s2,deepseek/deepseek-v3.2_reasoning-auto_s2,2,True,,False,0.9118052776877388,0.9972802378913425
3d762ba1-3958-453b-b34e-fe24c2822994,chemistry,frontierscience/deepseek/deepseek-v3.2_reasoning-auto_s3,deepseek/deepseek-v3.2_reasoning-auto_s3,3,True,,True,0.9565191000228079,0.8154476581398973
3d762ba1-3958-453b-b34e-fe24c2822994,chemistry,frontierscience/deepseek/deepseek-v3.2_reasoning-auto_s4,deepseek/deepseek-v3.2_reasoning-auto_s4,4,True,,True,0.7732048071704097,0.9964989055553537
4195adea-9fa5-4f25-91ef-ebd6c57cfb88,physics,frontierscience/deepseek/deepseek-v3.2_reasoning-auto,deepseek/deepseek-v3.2_reasoning-auto,0,True,,True,0.7497910287359357,0.809340882290197
4195adea-9fa5-4f25-91ef-ebd6c57cfb88,physics,frontierscience/deepseek/deepseek-v3.2_reasoning-auto_s1,deepseek/deepseek-v3.2_reasoning-auto_s1,1,True,,True,0.7306979269541257,0.9996489644193183
4195adea-9fa5-4f25-91ef-ebd6c57cfb88,physics,frontierscience/deepseek/deepseek-v3.2_reasoning-auto_s2,deepseek/deepseek-v3.2_reasoning-auto_s2,2,True,,True,0.3028986063269746,0.017452495933076802
4195adea-9fa5-4f25-91ef-ebd6c57cfb88,physics,frontierscience/deepseek/deepseek-v3.2_reasoning-auto_s3,deepseek/deepseek-v3.2_reasoning-auto_s3,3,True,,False,0.03629023565447475,0.19830842065594206
4195adea-9fa5-4f25-91ef-ebd6c57cfb88,physics,frontierscience/deepseek/deepseek-v3.2_reasoning-auto_s4,deepseek/deepseek-v3.2_reasoning-auto_s4,4,True,,False,1.0,0.6274238011765586
422512ca-5a0c-4a23-b987-7fa2eb2024e6,physics,frontierscience/deepseek/deepseek-v3.2_reasoning-auto,deepseek/deepseek-v3.2_reasoning-auto,0,True,,True,0.614324808574656,0.948015661249012
422512ca-5a0c-4a23-b987-7fa2eb2024e6,physics,frontierscience/deepseek/deepseek-v3.2_reasoning-auto_s1,deepseek/deepseek-v3.2_reasoning-auto_s1,1,True,,True,0.2904478859191743,0.03262825541173688
422512ca-5a0c-4a23-b987-7fa2eb2024e6,physics,frontierscience/deepseek/deepseek-v3.2_reasoning-auto_s2,deepseek/deepseek-v3.2_reasoning-auto_s2,2,True,,True,0.5672538605147357,0.9993116311850261
422512ca-5a0c-4a23-b987-7fa2eb2024e6,physics,frontierscience/deepseek/deepseek-v3.2_reasoning-auto_s3,deepseek/deepseek-v3.2_reasoning-auto_s3,3,False,peer closed connection without sending complete message body (incomplete chunked read),False,,
422512ca-5a0c-4a23-b987-7fa2eb2024e6,physics,frontierscience/deepseek/deepseek-v3.2_reasoning-auto_s4,deepseek/deepseek-v3.2_reasoning-auto_s4,4,True,,True,0.3304147804847055,0.9956900976552352
4225f097-0cee-4e43-b5b9-6efbab4c3447,physics,frontierscience/deepseek/deepseek-v3.2_reasoning-auto,deepseek/deepseek-v3.2_reasoning-auto,0,True,,True,0.6930529406556957,0.9343420721298952
4225f097-0cee-4e43-b5b9-6efbab4c3447,physics,frontierscience/deepseek/deepseek-v3.2_reasoning-auto_s1,deepseek/deepseek-v3.2_reasoning-auto_s1,1,True,,False,0.9908302142448173,0.025957435574473997
4225f097-0cee-4e43-b5b9-6efbab4c3447,physics,frontierscience/deepseek/deepseek-v3.2_reasoning-auto_s2,deepseek/deepseek-v3.2_reasoning-auto_s2,2,True,,False,0.562111486690806,0.6468745097124546
4225f097-0cee-4e43-b5b9-6efbab4c3447,physics,frontierscience/deepseek/deepseek-v3.2_reasoning-auto_s3,deepseek/deepseek-v3.2_reasoning-auto_s3,3,True,,False,0.5420992202619851,0.30953887474809344
4225f097-0cee-4e43-b5b9-6efbab4c3447,physics,frontierscience/deepseek/deepseek-v3.2_reasoning-auto_s4,deepseek/deepseek-v3.2_reasoning-auto_s4,4,True,,False,0.23219708943466563,0.998752243316195
441c416a-8f5e-431c-9675-faeac34ff290,chemistry,frontierscience/deepseek/deepseek-v3.2_reasoning-auto,deepseek/deepseek-v3.2_reasoning-auto,0,True,,False,0.7209376511260753,0.07229651869502506
441c416a-8f5e-431c-9675-faeac34ff290,chemistry,frontierscience/deepseek/deepseek-v3.2_reasoning-auto_s1,deepseek/deepseek-v3.2_reasoning-auto_s1,1,True,,False,0.2158119523357971,0.10031049911142906
441c416a-8f5e-431c-9675-faeac34ff290,chemistry,frontierscience/deepseek/deepseek-v3.2_reasoning-auto_s2,deepseek/deepseek-v3.2_reasoning-auto_s2,2,True,,False,0.16015461524478455,0.9920860469417092
441c416a-8f5e-431c-9675-faeac34ff290,chemistry,frontierscience/deepseek/deepseek-v3.2_reasoning-auto_s3,deepseek/deepseek-v3.2_reasoning-auto_s3,3,True,,False,0.28803092445198075,0.9437736197854115
441c416a-8f5e-431c-9675-faeac34ff290,chemistry,frontierscience/deepseek/deepseek-v3.2_reasoning-auto_s4,deepseek/deepseek-v3.2_reasoning-auto_s4,4,True,,False,0.4441577702362095,0.005259046500111918
469cc7c7-ae71-4ea2-bc13-3af3770fd8da,chemistry,frontierscience/deepseek/deepseek-v3.2_reasoning-auto,deepseek/deepseek-v3.2_reasoning-auto,0,True,,True,0.7378768746574261,0.9756814448021103
469cc7c7-ae71-4ea2-bc13-3af3770fd8da,chemistry,frontierscience/deepseek/deepseek-v3.2_reasoning-auto_s1,deepseek/deepseek-v3.2_reasoning-auto_s1,1,True,,True,0.6683373771831796,0.025946374731249392
469cc7c7-ae71-4ea2-bc13-3af3770fd8da,chemistry,frontierscience/deepseek/deepseek-v3.2_reasoning-auto_s2,deepseek/deepseek-v3.2_reasoning-auto_s2,2,True,,True,0.45216413097916835,0.8245751758057727
469cc7c7-ae71-4ea2-bc13-3af3770fd8da,chemistry,frontierscience/deepseek/deepseek-v3.2_reasoning-auto_s3,deepseek/deepseek-v3.2_reasoning-auto_s3,3,True,,True,0.10560614370185337,0.9965253232658086
469cc7c7-ae71-4ea2-bc13-3af3770fd8da,chemistry,frontierscience/deepseek/deepseek-v3.2_reasoning-auto_s4,deepseek/deepseek-v3.2_reasoning-auto_s4,4,True,,False,0.2961421974032415,0.24806721908419188
4842f95d-b84a-4ff4-8165-64fc7bfcf00d,chemistry,frontierscience/deepseek/deepseek-v3.2_reasoning-auto,deepseek/deepseek-v3.2_reasoning-auto,0,True,,True,0.9737652041186654,0.7489752595545996
4842f95d-b84a-4ff4-8165-64fc7bfcf00d,chemistry,frontierscience/deepseek/deepseek-v3.2_reasoning-auto_s1,deepseek/deepseek-v3.2_reasoning-auto_s1,1,True,,False,0.9883265608345109,0.4374544170213239
4842f95d-b84a-4ff4-8165-64fc7bfcf00d,chemistry,frontierscience/deepseek/deepseek-v3.2_reasoning-auto_s2,deepseek/deepseek-v3.2_reasoning-auto_s2,2,True,,False,0.029071799326029425,0.00015625939219559605
4842f95d-b84a-4ff4-8165-64fc7bfcf00d,chemistry,frontierscience/deepseek/deepseek-v3.2_reasoning-auto_s3,deepseek/deepseek-v3.2_reasoning-auto_s3,3,True,,False,0.2633108079782198,0.7131017093342307
4842f95d-b84a-4ff4-8165-64fc7bfcf00d,chemistry,frontierscience/deepseek/deepseek-v3.2_reasoning-auto_s4,deepseek/deepseek-v3.2_reasoning-auto_s4,4,True,,False,0.5119152454460087,0.9980801749468864
4a737e9f-5afd-4a14-a17b-c468cda1a8bb,chemistry,frontierscience/deepseek/deepseek-v3.2_reasoning-auto,deepseek/deepseek-v3.2_reasoning-auto,0,True,,True,0.7651687235623206,0.9857688574492673
4a737e9f-5afd-4a14-a17b-c468cda1a8bb,chemistry,frontierscience/deepseek/deepseek-v3.2_reasoning-auto_s1,deepseek/deepseek-v3.2_reasoning-auto_s1,1,True,,False,0.09592820298295193,0.03286511460088954
4a737e9f-5afd-4a14-a17b-c468cda1a8bb,chemistry,frontierscience/deepseek/deepseek-v3.2_reasoning-auto_s2,deepseek/deepseek-v3.2_reasoning-auto_s2,2,True,,True,0.06787171801654847,0.6616620959818177
4a737e9f-5afd-4a14-a17b-c468cda1a8bb,chemistry,frontierscience/deepseek/deepseek-v3.2_reasoning-auto_s3,deepseek/deepseek-v3.2_reasoning-auto_s3,3,True,,True,0.3423784352427941,0.001072888929931822
4a737e9f-5afd-4a14-a17b-c468cda1a8bb,chemistry,frontierscience/deepseek/deepseek-v3.2_reasoning-auto_s4,deepseek/deepseek-v3.2_reasoning-auto_s4,4,True,,True,0.6002937735702595,0.7740631653590484
4ee82eb3-a457-42c5-9c62-5730d41f67a6,biology,frontierscience/deepseek/deepseek-v3.2_reasoning-auto,deepseek/deepseek-v3.2_reasoning-auto,0,True,,False,0.22219784773329135,0.04064080687925259
4ee82eb3-a457-42c5-9c62-5730d41f67a6,biology,frontierscience/deepseek/deepseek-v3.2_reasoning-auto_s1,deepseek/deepseek-v3.2_reasoning-auto_s1,1,True,,False,0.999277994892593,0.9986219257472523
4ee82eb3-a457-42c5-9c62-5730d41f67a6,biology,frontierscience/deepseek/deepseek-v3.2_reasoning-auto_s2,deepseek/deepseek-v3.2_reasoning-auto_s2,2,True,,False,0.8714454528542508,0.9880958249456561
4ee82eb3-a457-42c5-9c62-5730d41f67a6,biology,frontierscience/deepseek/deepseek-v3.2_reasoning-auto_s3,deepseek/deepseek-v3.2_reasoning-auto_s3,3,True,,False,0.09475161535364253,0.0965618290628424
4ee82eb3-a457-42c5-9c62-5730d41f67a6,biology,frontierscience/deepseek/deepseek-v3.2_reasoning-auto_s4,deepseek/deepseek-v3.2_reasoning-auto_s4,4,True,,False,0.5522473897287001,0.1519922861002288
4f1cf869-3ea3-400c-8fa3-e4d3f6fe1cdf,physics,frontierscience/deepseek/deepseek-v3.2_reasoning-auto,deepseek/deepseek-v3.2_reasoning-auto,0,True,,False,0.4295126203687397,0.05265635991544122
4f1cf869-3ea3-400c-8fa3-e4d3f6fe1cdf,physics,frontierscience/deepseek/deepseek-v3.2_reasoning-auto_s1,deepseek/deepseek-v3.2_reasoning-auto_s1,1,True,,True,0.24114419605524556,0.4335739803975127
4f1cf869-3ea3-400c-8fa3-e4d3f6fe1cdf,physics,frontierscience/deepseek/deepseek-v3.2_reasoning-auto_s2,deepseek/deepseek-v3.2_reasoning-auto_s2,2,True,,True,0.9964328400238764,0.5547665302654736
4f1cf869-3ea3-400c-8fa3-e4d3f6fe1cdf,physics,frontierscience/deepseek/deepseek-v3.2_reasoning-auto_s3,deepseek/deepseek-v3.2_reasoning-auto_s3,3,True,,True,0.03617053380531041,0.5275223156107322
4f1cf869-3ea3-400c-8fa3-e4d3f6fe1cdf,physics,frontierscience/deepseek/deepseek-v3.2_reasoning-auto_s4,deepseek/deepseek-v3.2_reasoning-auto_s4,4,True,,True,0.5600543857360134,0.47877592501621263
50f7d1e4-51bd-4013-a570-a02988ca3aa2,chemistry,frontierscience/deepseek/deepseek-v3.2_reasoning-auto,deepseek/deepseek-v3.2_reasoning-auto,0,True,,True,0.9138613447321958,0.9609374153044891
50f7d1e4-51bd-4013-a570-a02988ca3aa2,chemistry,frontierscience/deepseek/deepseek-v3.2_reasoning-auto_s1,deepseek/deepseek-v3.2_reasoning-auto_s1,1,True,,True,0.8951013892909666,0.5449750996269583
50f7d1e4-51bd-4013-a570-a02988ca3aa2,chemistry,frontierscience/deepseek/deepseek-v3.2_reasoning-auto_s2,deepseek/deepseek-v3.2_reasoning-auto_s2,2,True,,True,0.480726900143159,0.4406218980408441
50f7d1e4-51bd-4013-a570-a02988ca3aa2,chemistry,frontierscience/deepseek/deepseek-v3.2_reasoning-auto_s3,deepseek/deepseek-v3.2_reasoning-auto_s3,3,True,,True,0.18292474042206608,0.03138900542873964
50f7d1e4-51bd-4013-a570-a02988ca3aa2,chemistry,frontierscience/deepseek/deepseek-v3.2_reasoning-auto_s4,deepseek/deepseek-v3.2_reasoning-auto_s4,4,True,,True,0.5457706131025384,0.9926131642513999
516da073-8d2a-4db5-a739-c752655ec14c,physics,frontierscience/deepseek/deepseek-v3.2_reasoning-auto,deepseek/deepseek-v3.2_reasoning-auto,0,True,,True,0.9928370913036433,0.998690707562452
516da073-8d2a-4db5-a739-c752655ec14c,physics,frontierscience/deepseek/deepseek-v3.2_reasoning-auto_s1,deepseek/deepseek-v3.2_reasoning-auto_s1,1,True,,True,0.6121429641498742,0.3796833059969839
516da073-8d2a-4db5-a739-c752655ec14c,physics,frontierscience/deepseek/deepseek-v3.2_reasoning-auto_s2,deepseek/deepseek-v3.2_reasoning-auto_s2,2,True,,True,0.8973229185970497,0.9950210893276397
516da073-8d2a-4db5-a739-c752655ec14c,physics,frontierscience/deepseek/deepseek-v3.2_reasoning-auto_s3,deepseek/deepseek-v3.2_reasoning-auto_s3,3,True,,True,0.2602459393616593,0.022880447694121214
516da073-8d2a-4db5-a739-c752655ec14c,physics,frontierscience/deepseek/deepseek-v3.2_reasoning-auto_s4,deepseek/deepseek-v3.2_reasoning-auto_s4,4,True,,True,0.6428325010116582,0.9581766646713185
57390923-7cfd-4adf-8d0b-33c5791f6e51,chemistry,frontierscience/deepseek/deepseek-v3.2_reasoning-auto,deepseek/deepseek-v3.2_reasoning-auto,0,True,,True,0.9015094169229125,0.9971755841086787
57390923-7cfd-4adf-8d0b-33c5791f6e51,chemistry,frontierscience/deepseek/deepseek-v3.2_reasoning-auto_s1,deepseek/deepseek-v3.2_reasoning-auto_s1,1,True,,True,0.8054781158769596,0.9999546887206633
57390923-7cfd-4adf-8d0b-33c5791f6e51,chemistry,frontierscience/deepseek/deepseek-v3.2_reasoning-auto_s2,deepseek/deepseek-v3.2_reasoning-auto_s2,2,True,,True,0.9869659889105932,0.9981255677741465
57390923-7cfd-4adf-8d0b-33c5791f6e51,chemistry,frontierscience/deepseek/deepseek-v3.2_reasoning-auto_s3,deepseek/deepseek-v3.2_reasoning-auto_s3,3,True,,True,0.7220522276914657,0.995146150597947
57390923-7cfd-4adf-8d0b-33c5791f6e51,chemistry,frontierscience/deepseek/deepseek-v3.2_reasoning-auto_s4,deepseek/deepseek-v3.2_reasoning-auto_s4,4,True,,True,0.8473352678535099,0.971365781751416
5c97845c-c039-48d8-abcf-703afc476b98,physics,frontierscience/deepseek/deepseek-v3.2_reasoning-auto,deepseek/deepseek-v3.2_reasoning-auto,0,True,,False,0.022796443066319214,0.5739097695472634
5c97845c-c039-48d8-abcf-703afc476b98,physics,frontierscience/deepseek/deepseek-v3.2_reasoning-auto_s1,deepseek/deepseek-v3.2_reasoning-auto_s1,1,True,,True,0.2709651359855924,0.26663440167458125
5c97845c-c039-48d8-abcf-703afc476b98,physics,frontierscience/deepseek/deepseek-v3.2_reasoning-auto_s2,deepseek/deepseek-v3.2_reasoning-auto_s2,2,True,,True,0.23698870560394877,0.45355117566841974
5c97845c-c039-48d8-abcf-703afc476b98,physics,frontierscience/deepseek/deepseek-v3.2_reasoning-auto_s3,deepseek/deepseek-v3.2_reasoning-auto_s3,3,True,,True,0.4964358705461727,0.3351766107523139
5c97845c-c039-48d8-abcf-703afc476b98,physics,frontierscience/deepseek/deepseek-v3.2_reasoning-auto_s4,deepseek/deepseek-v3.2_reasoning-auto_s4,4,True,,True,0.2971960182012866,0.8448265411496244
5ef8b29d-7665-45e6-a26a-bd4a27f450ad,chemistry,frontierscience/deepseek/deepseek-v3.2_reasoning-auto,deepseek/deepseek-v3.2_reasoning-auto,0,True,,False,0.21030763786888101,0.001934660848200359
5ef8b29d-7665-45e6-a26a-bd4a27f450ad,chemistry,frontierscience/deepseek/deepseek-v3.2_reasoning-auto_s1,deepseek/deepseek-v3.2_reasoning-auto_s1,1,True,,False,0.764409749223765,0.06761012192906386
5ef8b29d-7665-45e6-a26a-bd4a27f450ad,chemistry,frontierscience/deepseek/deepseek-v3.2_reasoning-auto_s2,deepseek/deepseek-v3.2_reasoning-auto_s2,2,True,,False,0.00028648795635846083,0.3055017101698637
5ef8b29d-7665-45e6-a26a-bd4a27f450ad,chemistry,frontierscience/deepseek/deepseek-v3.2_reasoning-auto_s3,deepseek/deepseek-v3.2_reasoning-auto_s3,3,True,,False,0.5158667637897938,0.6615656645889115
5ef8b29d-7665-45e6-a26a-bd4a27f450ad,chemistry,frontierscience/deepseek/deepseek-v3.2_reasoning-auto_s4,deepseek/deepseek-v3.2_reasoning-auto_s4,4,True,,True,0.3215331006202951,0.07987450363125653
62dc1c65-0200-41d8-91fd-aa3c606e46cc,physics,frontierscience/deepseek/deepseek-v3.2_reasoning-auto,deepseek/deepseek-v3.2_reasoning-auto,0,True,,True,0.5058742915964851,0.5356945024926456
62dc1c65-0200-41d8-91fd-aa3c606e46cc,physics,frontierscience/deepseek/deepseek-v3.2_reasoning-auto_s1,deepseek/deepseek-v3.2_reasoning-auto_s1,1,True,,False,0.1958592936013979,0.978522938735778
62dc1c65-0200-41d8-91fd-aa3c606e46cc,physics,frontierscience/deepseek/deepseek-v3.2_reasoning-auto_s2,deepseek/deepseek-v3.2_reasoning-auto_s2,2,True,,False,0.6568338043889509,0.6279181119929028
62dc1c65-0200-41d8-91fd-aa3c606e46cc,physics,frontierscience/deepseek/deepseek-v3.2_reasoning-auto_s3,deepseek/deepseek-v3.2_reasoning-auto_s3,3,True,,False,0.709431082408596,0.87474758492429
62dc1c65-0200-41d8-91fd-aa3c606e46cc,physics,frontierscience/deepseek/deepseek-v3.2_reasoning-auto_s4,deepseek/deepseek-v3.2_reasoning-auto_s4,4,True,,True,0.3798664278849454,0.998118500145733
6646019d-bda1-4b1c-83ac-7953e853effd,physics,frontierscience/deepseek/deepseek-v3.2_reasoning-auto,deepseek/deepseek-v3.2_reasoning-auto,0,True,,True,0.8956412728009373,0.9322044582630434
6646019d-bda1-4b1c-83ac-7953e853effd,physics,frontierscience/deepseek/deepseek-v3.2_reasoning-auto_s1,deepseek/deepseek-v3.2_reasoning-auto_s1,1,True,,True,0.9906131626144721,0.9999377383894411
6646019d-bda1-4b1c-83ac-7953e853effd,physics,frontierscience/deepseek/deepseek-v3.2_reasoning-auto_s2,deepseek/deepseek-v3.2_reasoning-auto_s2,2,True,,True,0.7353525069255603,0.019896563737431202
6646019d-bda1-4b1c-83ac-7953e853effd,physics,frontierscience/deepseek/deepseek-v3.2_reasoning-auto_s3,deepseek/deepseek-v3.2_reasoning-auto_s3,3,True,,True,0.48001340028597295,0.9778472461981008
6646019d-bda1-4b1c-83ac-7953e853effd,physics,frontierscience/deepseek/deepseek-v3.2_reasoning-auto_s4,deepseek/deepseek-v3.2_reasoning-auto_s4,4,True,,True,0.4782078924886367,0.988575455279931
6681ea07-9b3a-4a71-9b31-a88212189f27,chemistry,frontierscience/deepseek/deepseek-v3.2_reasoning-auto,deepseek/deepseek-v3.2_reasoning-auto,0,True,,True,0.4111400575528194,0.8678711398634865
6681ea07-9b3a-4a71-9b31-a88212189f27,chemistry,frontierscience/deepseek/deepseek-v3.2_reasoning-auto_s1,deepseek/deepseek-v3.2_reasoning-auto_s1,1,True,,True,0.9647902347694,0.992089778522023
6681ea07-9b3a-4a71-9b31-a88212189f27,chemistry,frontierscience/deepseek/deepseek-v3.2_reasoning-auto_s2,deepseek/deepseek-v3.2_reasoning-auto_s2,2,True,,True,0.9032466164014517,0.6185250614863949
6681ea07-9b3a-4a71-9b31-a88212189f27,chemistry,frontierscience/deepseek/deepseek-v3.2_reasoning-auto_s3,deepseek/deepseek-v3.2_reasoning-auto_s3,3,True,,True,0.953745316758879,0.9999630516861013
6681ea07-9b3a-4a71-9b31-a88212189f27,chemistry,frontierscience/deepseek/deepseek-v3.2_reasoning-auto_s4,deepseek/deepseek-v3.2_reasoning-auto_s4,4,True,,True,0.9997924555805904,0.01780053574276701
677d66f3-b5f3-432d-bb04-2a8807d5491f,chemistry,frontierscience/deepseek/deepseek-v3.2_reasoning-auto,deepseek/deepseek-v3.2_reasoning-auto,0,True,,False,0.5746608185630442,0.9988505559265944
677d66f3-b5f3-432d-bb04-2a8807d5491f,chemistry,frontierscience/deepseek/deepseek-v3.2_reasoning-auto_s1,deepseek/deepseek-v3.2_reasoning-auto_s1,1,False,peer closed connection without sending complete message body (incomplete chunked read),False,,
677d66f3-b5f3-432d-bb04-2a8807d5491f,chemistry,frontierscience/deepseek/deepseek-v3.2_reasoning-auto_s2,deepseek/deepseek-v3.2_reasoning-auto_s2,2,True,,False,0.9552879742272473,0.768285885747051
677d66f3-b5f3-432d-bb04-2a8807d5491f,chemistry,frontierscience/deepseek/deepseek-v3.2_reasoning-auto_s3,deepseek/deepseek-v3.2_reasoning-auto_s3,3,True,,False,0.142518607915636,0.01812476486693721
677d66f3-b5f3-432d-bb04-2a8807d5491f,chemistry,frontierscience/deepseek/deepseek-v3.2_reasoning-auto_s4,deepseek/deepseek-v3.2_reasoning-auto_s4,4,True,,False,0.8764468976152013,0.9853836433149626
69bd11e8-5f96-45dc-8123-b9d800101430,physics,frontierscience/deepseek/deepseek-v3.2_reasoning-auto,deepseek/deepseek-v3.2_reasoning-auto,0,True,,False,0.8279298447935605,0.9991901148238918
69bd11e8-5f96-45dc-8123-b9d800101430,physics,frontierscience/deepseek/deepseek-v3.2_reasoning-auto_s1,deepseek/deepseek-v3.2_reasoning-auto_s1,1,True,,True,0.2761148054787138,0.9017040709318049
69bd11e8-5f96-45dc-8123-b9d800101430,physics,frontierscience/deepseek/deepseek-v3.2_reasoning-auto_s2,deepseek/deepseek-v3.2_reasoning-auto_s2,2,True,,True,0.5648066867151731,0.9747353320489658
69bd11e8-5f96-45dc-8123-b9d800101430,physics,frontierscience/deepseek/deepseek-v3.2_reasoning-auto_s3,deepseek/deepseek-v3.2_reasoning-auto_s3,3,True,,True,0.8716645079005285,0.9965580873821084
69bd11e8-5f96-45dc-8123-b9d800101430,physics,frontierscience/deepseek/deepseek-v3.2_reasoning-auto_s4,deepseek/deepseek-v3.2_reasoning-auto_s4,4,True,,True,0.24700215208042595,0.9770660099952077
6e9aca19-46c4-46ea-9643-86b138e8f2f5,physics,frontierscience/deepseek/deepseek-v3.2_reasoning-auto,deepseek/deepseek-v3.2_reasoning-auto,0,True,,True,0.5741557832072225,0.9993692192276609
6e9aca19-46c4-46ea-9643-86b138e8f2f5,physics,frontierscience/deepseek/deepseek-v3.2_reasoning-auto_s1,deepseek/deepseek-v3.2_reasoning-auto_s1,1,True,,False,0.25566287207447164,0.906064915711565
6e9aca19-46c4-46ea-9643-86b138e8f2f5,physics,frontierscience/deepseek/deepseek-v3.2_reasoning-auto_s2,deepseek/deepseek-v3.2_reasoning-auto_s2,2,True,,False,0.3028773882399556,0.00390133996339075
6e9aca19-46c4-46ea-9643-86b138e8f2f5,physics,frontierscience/deepseek/deepseek-v3.2_reasoning-auto_s3,deepseek/deepseek-v3.2_reasoning-auto_s3,3,True,,True,0.35329513995119227,0.9820826000032216
6e9aca19-46c4-46ea-9643-86b138e8f2f5,physics,frontierscience/deepseek/deepseek-v3.2_reasoning-auto_s4,deepseek/deepseek-v3.2_reasoning-auto_s4,4,True,,True,0.18476386898006122,0.46840290856095557
70929247-a356-4a12-8534-49fd885f0c3e,physics,frontierscience/deepseek/deepseek-v3.2_reasoning-auto,deepseek/deepseek-v3.2_reasoning-auto,0,True,,True,0.615526100086521,0.9952316012776894
70929247-a356-4a12-8534-49fd885f0c3e,physics,frontierscience/deepseek/deepseek-v3.2_reasoning-auto_s1,deepseek/deepseek-v3.2_reasoning-auto_s1,1,True,,True,0.11875945622705486,0.9757257634239226
70929247-a356-4a12-8534-49fd885f0c3e,physics,frontierscience/deepseek/deepseek-v3.2_reasoning-auto_s2,deepseek/deepseek-v3.2_reasoning-auto_s2,2,True,,True,0.504343895462146,0.9784483806398899
70929247-a356-4a12-8534-49fd885f0c3e,physics,frontierscience/deepseek/deepseek-v3.2_reasoning-auto_s3,deepseek/deepseek-v3.2_reasoning-auto_s3,3,True,,True,0.052777645721188864,0.006650156794665361
70929247-a356-4a12-8534-49fd885f0c3e,physics,frontierscience/deepseek/deepseek-v3.2_reasoning-auto_s4,deepseek/deepseek-v3.2_reasoning-auto_s4,4,True,,False,0.3537222754756356,0.005235450186795609
710c1336-0995-4d45-bfea-48ff475f255f,physics,frontierscience/deepseek/deepseek-v3.2_reasoning-auto,deepseek/deepseek-v3.2_reasoning-auto,0,True,,True,0.6442087989118233,0.8758207092038727
710c1336-0995-4d45-bfea-48ff475f255f,physics,frontierscience/deepseek/deepseek-v3.2_reasoning-auto_s1,deepseek/deepseek-v3.2_reasoning-auto_s1,1,True,,False,0.1022229993662496,0.4567476817639682
710c1336-0995-4d45-bfea-48ff475f255f,physics,frontierscience/deepseek/deepseek-v3.2_reasoning-auto_s2,deepseek/deepseek-v3.2_reasoning-auto_s2,2,True,,False,0.915958408406578,0.09080403771064781
710c1336-0995-4d45-bfea-48ff475f255f,physics,frontierscience/deepseek/deepseek-v3.2_reasoning-auto_s3,deepseek/deepseek-v3.2_reasoning-auto_s3,3,True,,True,0.8445775497043669,0.9828936843243531
710c1336-0995-4d45-bfea-48ff475f255f,physics,frontierscience/deepseek/deepseek-v3.2_reasoning-auto_s4,deepseek/deepseek-v3.2_reasoning-auto_s4,4,True,,False,0.043208588372881954,0.023945889038815355
84b13a21-19c8-47a2-8661-a1b59f1062f5,chemistry,frontierscience/deepseek/deepseek-v3.2_reasoning-auto,deepseek/deepseek-v3.2_reasoning-auto,0,True,,True,0.8801447172995127,0.9986350999842027
84b13a21-19c8-47a2-8661-a1b59f1062f5,chemistry,frontierscience/deepseek/deepseek-v3.2_reasoning-auto_s1,deepseek/deepseek-v3.2_reasoning-auto_s1,1,True,,True,0.9188370340409542,0.9625617228394803
84b13a21-19c8-47a2-8661-a1b59f1062f5,chemistry,frontierscience/deepseek/deepseek-v3.2_reasoning-auto_s2,deepseek/deepseek-v3.2_reasoning-auto_s2,2,True,,True,0.34538538190011814,0.968251296258044
84b13a21-19c8-47a2-8661-a1b59f1062f5,chemistry,frontierscience/deepseek/deepseek-v3.2_reasoning-auto_s3,deepseek/deepseek-v3.2_reasoning-auto_s3,3,True,,True,0.4918595865563423,0.7418276292644411
84b13a21-19c8-47a2-8661-a1b59f1062f5,chemistry,frontierscience/deepseek/deepseek-v3.2_reasoning-auto_s4,deepseek/deepseek-v3.2_reasoning-auto_s4,4,True,,True,0.18276598315605846,0.3261000451972101
84bba88d-2aee-4fcb-baab-4c6eea17b0d8,physics,frontierscience/deepseek/deepseek-v3.2_reasoning-auto,deepseek/deepseek-v3.2_reasoning-auto,0,True,,True,0.4867839123454573,0.9101510175712143
84bba88d-2aee-4fcb-baab-4c6eea17b0d8,physics,frontierscience/deepseek/deepseek-v3.2_reasoning-auto_s1,deepseek/deepseek-v3.2_reasoning-auto_s1,1,True,,True,0.4693506830838284,0.44285453793143303
84bba88d-2aee-4fcb-baab-4c6eea17b0d8,physics,frontierscience/deepseek/deepseek-v3.2_reasoning-auto_s2,deepseek/deepseek-v3.2_reasoning-auto_s2,2,True,,False,0.6177592421877607,0.6934408247077383
84bba88d-2aee-4fcb-baab-4c6eea17b0d8,physics,frontierscience/deepseek/deepseek-v3.2_reasoning-auto_s3,deepseek/deepseek-v3.2_reasoning-auto_s3,3,True,,False,0.5911359039441316,0.9908998022589507
84bba88d-2aee-4fcb-baab-4c6eea17b0d8,physics,frontierscience/deepseek/deepseek-v3.2_reasoning-auto_s4,deepseek/deepseek-v3.2_reasoning-auto_s4,4,True,,True,0.7288656803916066,0.9371599262765472
85b4f862-d881-4a79-8c5d-3e927b486b71,chemistry,frontierscience/deepseek/deepseek-v3.2_reasoning-auto,deepseek/deepseek-v3.2_reasoning-auto,0,True,,False,0.6930406640764215,0.0708237645629905
85b4f862-d881-4a79-8c5d-3e927b486b71,chemistry,frontierscience/deepseek/deepseek-v3.2_reasoning-auto_s1,deepseek/deepseek-v3.2_reasoning-auto_s1,1,True,,False,0.009816256971268682,0.8344879250043025
85b4f862-d881-4a79-8c5d-3e927b486b71,chemistry,frontierscience/deepseek/deepseek-v3.2_reasoning-auto_s2,deepseek/deepseek-v3.2_reasoning-auto_s2,2,True,,False,0.5670542456951637,0.9346107407163213
85b4f862-d881-4a79-8c5d-3e927b486b71,chemistry,frontierscience/deepseek/deepseek-v3.2_reasoning-auto_s3,deepseek/deepseek-v3.2_reasoning-auto_s3,3,True,,False,0.9943064848507557,0.9980953147623428
85b4f862-d881-4a79-8c5d-3e927b486b71,chemistry,frontierscience/deepseek/deepseek-v3.2_reasoning-auto_s4,deepseek/deepseek-v3.2_reasoning-auto_s4,4,True,,False,0.9507480543094641,0.03612509183718251
8a983c4c-070e-45b1-b2ce-300c7a68feb6,physics,frontierscience/deepseek/deepseek-v3.2_reasoning-auto,deepseek/deepseek-v3.2_reasoning-auto,0,True,,True,0.6662659843381121,0.9869451633433594
8a983c4c-070e-45b1-b2ce-300c7a68feb6,physics,frontierscience/deepseek/deepseek-v3.2_reasoning-auto_s1,deepseek/deepseek-v3.2_reasoning-auto_s1,1,True,,False,0.15325679136105752,0.00282466812094174
8a983c4c-070e-45b1-b2ce-300c7a68feb6,physics,frontierscience/deepseek/deepseek-v3.2_reasoning-auto_s2,deepseek/deepseek-v3.2_reasoning-auto_s2,2,True,,False,0.6070975379605703,0.03382956961766358
8a983c4c-070e-45b1-b2ce-300c7a68feb6,physics,frontierscience/deepseek/deepseek-v3.2_reasoning-auto_s3,deepseek/deepseek-v3.2_reasoning-auto_s3,3,True,,True,0.016931309841524456,0.020791649325600386
8a983c4c-070e-45b1-b2ce-300c7a68feb6,physics,frontierscience/deepseek/deepseek-v3.2_reasoning-auto_s4,deepseek/deepseek-v3.2_reasoning-auto_s4,4,True,,True,0.23192744124570946,0.8806868298270396
8b695bb3-ea3c-4372-9222-9f0b79a68b6c,biology,frontierscience/deepseek/deepseek-v3.2_reasoning-auto,deepseek/deepseek-v3.2_reasoning-auto,0,True,,False,0.307142031895924,0.3153820823027527
8b695bb3-ea3c-4372-9222-9f0b79a68b6c,biology,frontierscience/deepseek/deepseek-v3.2_reasoning-auto_s1,deepseek/deepseek-v3.2_reasoning-auto_s1,1,True,,False,0.38092635954317355,0.9998589512507899
8b695bb3-ea3c-4372-9222-9f0b79a68b6c,biology,frontierscience/deepseek/deepseek-v3.2_reasoning-auto_s2,deepseek/deepseek-v3.2_reasoning-auto_s2,2,True,,False,0.21280894542214165,0.4524381427209876
8b695bb3-ea3c-4372-9222-9f0b79a68b6c,biology,frontierscience/deepseek/deepseek-v3.2_reasoning-auto_s3,deepseek/deepseek-v3.2_reasoning-auto_s3,3,True,,False,0.3275431056573616,0.8472387377321419
8b695bb3-ea3c-4372-9222-9f0b79a68b6c,biology,frontierscience/deepseek/deepseek-v3.2_reasoning-auto_s4,deepseek/deepseek-v3.2_reasoning-auto_s4,4,True,,True,0.9398028117693992,0.5630111380824246
8be6ce44-a0c8-4636-80ca-2667dcc9d2af,chemistry,frontierscience/deepseek/deepseek-v3.2_reasoning-auto,deepseek/deepseek-v3.2_reasoning-auto,0,True,,False,0.06812632846500172,0.002011273714903908
8be6ce44-a0c8-4636-80ca-2667dcc9d2af,chemistry,frontierscience/deepseek/deepseek-v3.2_reasoning-auto_s1,deepseek/deepseek-v3.2_reasoning-auto_s1,1,True,,False,0.902010565772134,0.9995814842282336
8be6ce44-a0c8-4636-80ca-2667dcc9d2af,chemistry,frontierscience/deepseek/deepseek-v3.2_reasoning-auto_s2,deepseek/deepseek-v3.2_reasoning-auto_s2,2,True,,False,0.23860523851332852,0.0015814531791876053
8be6ce44-a0c8-4636-80ca-2667dcc9d2af,chemistry,frontierscience/deepseek/deepseek-v3.2_reasoning-auto_s3,deepseek/deepseek-v3.2_reasoning-auto_s3,3,True,,True,0.6724574996476763,0.9983576543368793
8be6ce44-a0c8-4636-80ca-2667dcc9d2af,chemistry,frontierscience/deepseek/deepseek-v3.2_reasoning-auto_s4,deepseek/deepseek-v3.2_reasoning-auto_s4,4,True,,False,0.999421351317518,0.9991248588680222
8f121749-9809-45f1-bcb8-7118ccb5d4cc,chemistry,frontierscience/deepseek/deepseek-v3.2_reasoning-auto,deepseek/deepseek-v3.2_reasoning-auto,0,True,,True,0.956810812857303,0.9985571860531915
8f121749-9809-45f1-bcb8-7118ccb5d4cc,chemistry,frontierscience/deepseek/deepseek-v3.2_reasoning-auto_s1,deepseek/deepseek-v3.2_reasoning-auto_s1,1,True,,True,0.1955422567915684,0.8461364021784288
8f121749-9809-45f1-bcb8-7118ccb5d4cc,chemistry,frontierscience/deepseek/deepseek-v3.2_reasoning-auto_s2,deepseek/deepseek-v3.2_reasoning-auto_s2,2,True,,True,0.9094514998380746,0.9998800519072513
8f121749-9809-45f1-bcb8-7118ccb5d4cc,chemistry,frontierscience/deepseek/deepseek-v3.2_reasoning-auto_s3,deepseek/deepseek-v3.2_reasoning-auto_s3,3,True,,True,0.9680045556244187,0.991805229659045
8f121749-9809-45f1-bcb8-7118ccb5d4cc,chemistry,frontierscience/deepseek/deepseek-v3.2_reasoning-auto_s4,deepseek/deepseek-v3.2_reasoning-auto_s4,4,True,,True,0.1385472997683305,0.8132796011248745
90ddb7c3-4bf1-43b6-820a-c89f3858781a,biology,frontierscience/deepseek/deepseek-v3.2_reasoning-auto,deepseek/deepseek-v3.2_reasoning-auto,0,True,,True,0.7478101708658307,0.9991577946952919
90ddb7c3-4bf1-43b6-820a-c89f3858781a,biology,frontierscience/deepseek/deepseek-v3.2_reasoning-auto_s1,deepseek/deepseek-v3.2_reasoning-auto_s1,1,True,,False,0.8683628716697904,0.9982085395487416
90ddb7c3-4bf1-43b6-820a-c89f3858781a,biology,frontierscience/deepseek/deepseek-v3.2_reasoning-auto_s2,deepseek/deepseek-v3.2_reasoning-auto_s2,2,True,,True,0.5278380550231563,0.8999861682483341
90ddb7c3-4bf1-43b6-820a-c89f3858781a,biology,frontierscience/deepseek/deepseek-v3.2_reasoning-auto_s3,deepseek/deepseek-v3.2_reasoning-auto_s3,3,True,,False,0.23900579538968494,0.9972654601183669
90ddb7c3-4bf1-43b6-820a-c89f3858781a,biology,frontierscience/deepseek/deepseek-v3.2_reasoning-auto_s4,deepseek/deepseek-v3.2_reasoning-auto_s4,4,True,,False,0.3416504605288056,0.9991975438241792
94c55a69-1e8d-4934-ae59-2cf0401e1b01,physics,frontierscience/deepseek/deepseek-v3.2_reasoning-auto,deepseek/deepseek-v3.2_reasoning-auto,0,True,,True,0.899370401811341,0.811053121396994
94c55a69-1e8d-4934-ae59-2cf0401e1b01,physics,frontierscience/deepseek/deepseek-v3.2_reasoning-auto_s1,deepseek/deepseek-v3.2_reasoning-auto_s1,1,True,,True,0.892930686072493,0.9999241267255957
94c55a69-1e8d-4934-ae59-2cf0401e1b01,physics,frontierscience/deepseek/deepseek-v3.2_reasoning-auto_s2,deepseek/deepseek-v3.2_reasoning-auto_s2,2,True,,True,0.9364335934283008,0.5037781232047708
94c55a69-1e8d-4934-ae59-2cf0401e1b01,physics,frontierscience/deepseek/deepseek-v3.2_reasoning-auto_s3,deepseek/deepseek-v3.2_reasoning-auto_s3,3,True,,True,0.5506623312195401,0.0276231959957642
94c55a69-1e8d-4934-ae59-2cf0401e1b01,physics,frontierscience/deepseek/deepseek-v3.2_reasoning-auto_s4,deepseek/deepseek-v3.2_reasoning-auto_s4,4,True,,True,0.0026978076342111363,0.7043284758000717
953ba4b1-94ae-42ac-9621-408386bc382b,physics,frontierscience/deepseek/deepseek-v3.2_reasoning-auto,deepseek/deepseek-v3.2_reasoning-auto,0,True,,True,0.17055424750399767,0.8413035649650628
953ba4b1-94ae-42ac-9621-408386bc382b,physics,frontierscience/deepseek/deepseek-v3.2_reasoning-auto_s1,deepseek/deepseek-v3.2_reasoning-auto_s1,1,True,,False,0.06672929278942917,0.0036741903431540836
953ba4b1-94ae-42ac-9621-408386bc382b,physics,frontierscience/deepseek/deepseek-v3.2_reasoning-auto_s2,deepseek/deepseek-v3.2_reasoning-auto_s2,2,False,peer closed connection without sending complete message body (incomplete chunked read),False,,
953ba4b1-94ae-42ac-9621-408386bc382b,physics,frontierscience/deepseek/deepseek-v3.2_reasoning-auto_s3,deepseek/deepseek-v3.2_reasoning-auto_s3,3,True,,False,0.057059634932675025,0.4064868934000244
953ba4b1-94ae-42ac-9621-408386bc382b,physics,frontierscience/deepseek/deepseek-v3.2_reasoning-auto_s4,deepseek/deepseek-v3.2_reasoning-auto_s4,4,True,,False,0.2590859227406331,0.0011835707191884884
a2d2c8a2-86ef-49a6-9e56-804cbb89c848,chemistry,frontierscience/deepseek/deepseek-v3.2_reasoning-auto,deepseek/deepseek-v3.2_reasoning-auto,0,True,,True,0.015809852661681063,0.00023191258939268133
a2d2c8a2-86ef-49a6-9e56-804cbb89c848,chemistry,frontierscience/deepseek/deepseek-v3.2_reasoning-auto_s1,deepseek/deepseek-v3.2_reasoning-auto_s1,1,True,,False,0.6071572695203369,0.979549740288815
a2d2c8a2-86ef-49a6-9e56-804cbb89c848,chemistry,frontierscience/deepseek/deepseek-v3.2_reasoning-auto_s2,deepseek/deepseek-v3.2_reasoning-auto_s2,2,True,,True,0.4628299061068177,0.8569396004394026
a2d2c8a2-86ef-49a6-9e56-804cbb89c848,chemistry,frontierscience/deepseek/deepseek-v3.2_reasoning-auto_s3,deepseek/deepseek-v3.2_reasoning-auto_s3,3,True,,False,0.011224262739249273,0.0009340125722624204
a2d2c8a2-86ef-49a6-9e56-804cbb89c848,chemistry,frontierscience/deepseek/deepseek-v3.2_reasoning-auto_s4,deepseek/deepseek-v3.2_reasoning-auto_s4,4,True,,False,0.02729653390946657,0.0018648894969923904
a74ccc5b-fd37-49fa-b784-871dbcc41e9e,chemistry,frontierscience/deepseek/deepseek-v3.2_reasoning-auto,deepseek/deepseek-v3.2_reasoning-auto,0,True,,True,0.718180729921484,0.9322354320434468
a74ccc5b-fd37-49fa-b784-871dbcc41e9e,chemistry,frontierscience/deepseek/deepseek-v3.2_reasoning-auto_s1,deepseek/deepseek-v3.2_reasoning-auto_s1,1,True,,True,0.15177068391874535,0.6790807145076292
a74ccc5b-fd37-49fa-b784-871dbcc41e9e,chemistry,frontierscience/deepseek/deepseek-v3.2_reasoning-auto_s2,deepseek/deepseek-v3.2_reasoning-auto_s2,2,True,,True,0.3943553695211062,0.04893677569102045
a74ccc5b-fd37-49fa-b784-871dbcc41e9e,chemistry,frontierscience/deepseek/deepseek-v3.2_reasoning-auto_s3,deepseek/deepseek-v3.2_reasoning-auto_s3,3,True,,True,0.9277066509806924,0.9935598253012463
a74ccc5b-fd37-49fa-b784-871dbcc41e9e,chemistry,frontierscience/deepseek/deepseek-v3.2_reasoning-auto_s4,deepseek/deepseek-v3.2_reasoning-auto_s4,4,True,,True,0.4292685353817871,0.999882844282239
adadda00-bef8-417d-97d6-cfd9dec33cba,chemistry,frontierscience/deepseek/deepseek-v3.2_reasoning-auto,deepseek/deepseek-v3.2_reasoning-auto,0,True,,True,0.13820395039128,0.9813349039515434
adadda00-bef8-417d-97d6-cfd9dec33cba,chemistry,frontierscience/deepseek/deepseek-v3.2_reasoning-auto_s1,deepseek/deepseek-v3.2_reasoning-auto_s1,1,True,,True,0.9356901308867865,0.9411328478135796
adadda00-bef8-417d-97d6-cfd9dec33cba,chemistry,frontierscience/deepseek/deepseek-v3.2_reasoning-auto_s2,deepseek/deepseek-v3.2_reasoning-auto_s2,2,True,,True,0.927423686095252,0.13009573656229811
adadda00-bef8-417d-97d6-cfd9dec33cba,chemistry,frontierscience/deepseek/deepseek-v3.2_reasoning-auto_s3,deepseek/deepseek-v3.2_reasoning-auto_s3,3,True,,True,0.8341588715778704,0.5286439523443528
adadda00-bef8-417d-97d6-cfd9dec33cba,chemistry,frontierscience/deepseek/deepseek-v3.2_reasoning-auto_s4,deepseek/deepseek-v3.2_reasoning-auto_s4,4,True,,False,0.3667997400356569,0.0027820387527166006
ae667a28-9659-4f33-a51e-7a19f133e111,physics,frontierscience/deepseek/deepseek-v3.2_reasoning-auto,deepseek/deepseek-v3.2_reasoning-auto,0,True,,False,0.40710428420237915,0.49858181487444536
ae667a28-9659-4f33-a51e-7a19f133e111,physics,frontierscience/deepseek/deepseek-v3.2_reasoning-auto_s1,deepseek/deepseek-v3.2_reasoning-auto_s1,1,True,,True,0.859279999736761,0.8696535928495658
ae667a28-9659-4f33-a51e-7a19f133e111,physics,frontierscience/deepseek/deepseek-v3.2_reasoning-auto_s2,deepseek/deepseek-v3.2_reasoning-auto_s2,2,True,,True,0.7464756499828055,0.9806632147287723
ae667a28-9659-4f33-a51e-7a19f133e111,physics,frontierscience/deepseek/deepseek-v3.2_reasoning-auto_s3,deepseek/deepseek-v3.2_reasoning-auto_s3,3,True,,True,0.9536195640342638,0.9360453666978354
ae667a28-9659-4f33-a51e-7a19f133e111,physics,frontierscience/deepseek/deepseek-v3.2_reasoning-auto_s4,deepseek/deepseek-v3.2_reasoning-auto_s4,4,True,,True,0.3698836555534163,0.9975637348866099
aeaa8d2c-fcb9-423f-b1c0-ac9c122999e6,physics,frontierscience/deepseek/deepseek-v3.2_reasoning-auto,deepseek/deepseek-v3.2_reasoning-auto,0,True,,False,0.1638247251815309,0.04226702693742253
aeaa8d2c-fcb9-423f-b1c0-ac9c122999e6,physics,frontierscience/deepseek/deepseek-v3.2_reasoning-auto_s1,deepseek/deepseek-v3.2_reasoning-auto_s1,1,True,,True,0.23208302761380373,0.2066791661946985
aeaa8d2c-fcb9-423f-b1c0-ac9c122999e6,physics,frontierscience/deepseek/deepseek-v3.2_reasoning-auto_s2,deepseek/deepseek-v3.2_reasoning-auto_s2,2,True,,True,0.9200215004283938,0.999700229560277
aeaa8d2c-fcb9-423f-b1c0-ac9c122999e6,physics,frontierscience/deepseek/deepseek-v3.2_reasoning-auto_s3,deepseek/deepseek-v3.2_reasoning-auto_s3,3,True,,True,0.5581240797690036,0.9812121966748951
aeaa8d2c-fcb9-423f-b1c0-ac9c122999e6,physics,frontierscience/deepseek/deepseek-v3.2_reasoning-auto_s4,deepseek/deepseek-v3.2_reasoning-auto_s4,4,False,peer closed connection without sending complete message body (incomplete chunked read),False,,
af36a1cb-5949-4385-93a0-1f875500c34a,biology,frontierscience/deepseek/deepseek-v3.2_reasoning-auto,deepseek/deepseek-v3.2_reasoning-auto,0,True,,True,0.9975934694257318,0.9997151511917969
af36a1cb-5949-4385-93a0-1f875500c34a,biology,frontierscience/deepseek/deepseek-v3.2_reasoning-auto_s1,deepseek/deepseek-v3.2_reasoning-auto_s1,1,True,,False,0.9363315296991375,0.3792446743056998
af36a1cb-5949-4385-93a0-1f875500c34a,biology,frontierscience/deepseek/deepseek-v3.2_reasoning-auto_s2,deepseek/deepseek-v3.2_reasoning-auto_s2,2,True,,False,0.574059935049013,0.8644960612909885
af36a1cb-5949-4385-93a0-1f875500c34a,biology,frontierscience/deepseek/deepseek-v3.2_reasoning-auto_s3,deepseek/deepseek-v3.2_reasoning-auto_s3,3,True,,False,0.13216829884546757,0.07067381872153507
af36a1cb-5949-4385-93a0-1f875500c34a,biology,frontierscience/deepseek/deepseek-v3.2_reasoning-auto_s4,deepseek/deepseek-v3.2_reasoning-auto_s4,4,True,,False,0.2132154871230673,0.0054300888423866964
afb2ebc7-421e-4e61-8073-7c4393aa9855,physics,frontierscience/deepseek/deepseek-v3.2_reasoning-auto,deepseek/deepseek-v3.2_reasoning-auto,0,True,,False,0.6919219117157657,0.0012421252667359642
afb2ebc7-421e-4e61-8073-7c4393aa9855,physics,frontierscience/deepseek/deepseek-v3.2_reasoning-auto_s1,deepseek/deepseek-v3.2_reasoning-auto_s1,1,True,,False,0.5073566686867524,0.43587506178886526
afb2ebc7-421e-4e61-8073-7c4393aa9855,physics,frontierscience/deepseek/deepseek-v3.2_reasoning-auto_s2,deepseek/deepseek-v3.2_reasoning-auto_s2,2,True,,False,0.9436678458884181,0.9974940108503976
afb2ebc7-421e-4e61-8073-7c4393aa9855,physics,frontierscience/deepseek/deepseek-v3.2_reasoning-auto_s3,deepseek/deepseek-v3.2_reasoning-auto_s3,3,True,,False,0.3688686950298863,0.12058747812160811
afb2ebc7-421e-4e61-8073-7c4393aa9855,physics,frontierscience/deepseek/deepseek-v3.2_reasoning-auto_s4,deepseek/deepseek-v3.2_reasoning-auto_s4,4,True,,False,0.6673424425459327,0.5828218720091809
b188cad8-92b9-4c72-98a2-b78e04b764f1,chemistry,frontierscience/deepseek/deepseek-v3.2_reasoning-auto,deepseek/deepseek-v3.2_reasoning-auto,0,True,,True,0.9183381847656384,0.9993654664981378
b188cad8-92b9-4c72-98a2-b78e04b764f1,chemistry,frontierscience/deepseek/deepseek-v3.2_reasoning-auto_s1,deepseek/deepseek-v3.2_reasoning-auto_s1,1,True,,True,0.4025276852169364,0.9595200599254455
b188cad8-92b9-4c72-98a2-b78e04b764f1,chemistry,frontierscience/deepseek/deepseek-v3.2_reasoning-auto_s2,deepseek/deepseek-v3.2_reasoning-auto_s2,2,True,,True,0.9264942084485892,0.9924689179613871
b188cad8-92b9-4c72-98a2-b78e04b764f1,chemistry,frontierscience/deepseek/deepseek-v3.2_reasoning-auto_s3,deepseek/deepseek-v3.2_reasoning-auto_s3,3,True,,True,0.3845989134808562,0.6806699706213367
b188cad8-92b9-4c72-98a2-b78e04b764f1,chemistry,frontierscience/deepseek/deepseek-v3.2_reasoning-auto_s4,deepseek/deepseek-v3.2_reasoning-auto_s4,4,True,,True,0.37389053214105933,0.003162226445964504
b36273bb-c098-4037-90cc-cfd05cbe5bb9,chemistry,frontierscience/deepseek/deepseek-v3.2_reasoning-auto,deepseek/deepseek-v3.2_reasoning-auto,0,True,,True,0.6732737959334407,0.9334691495512343
b36273bb-c098-4037-90cc-cfd05cbe5bb9,chemistry,frontierscience/deepseek/deepseek-v3.2_reasoning-auto_s1,deepseek/deepseek-v3.2_reasoning-auto_s1,1,True,,True,0.9996598153707492,0.9993632862706565
b36273bb-c098-4037-90cc-cfd05cbe5bb9,chemistry,frontierscience/deepseek/deepseek-v3.2_reasoning-auto_s2,deepseek/deepseek-v3.2_reasoning-auto_s2,2,True,,True,0.7460512172503532,0.9994248496306473
b36273bb-c098-4037-90cc-cfd05cbe5bb9,chemistry,frontierscience/deepseek/deepseek-v3.2_reasoning-auto_s3,deepseek/deepseek-v3.2_reasoning-auto_s3,3,True,,True,0.4803282891307981,0.05716008395980937
b36273bb-c098-4037-90cc-cfd05cbe5bb9,chemistry,frontierscience/deepseek/deepseek-v3.2_reasoning-auto_s4,deepseek/deepseek-v3.2_reasoning-auto_s4,4,True,,True,0.8875297529248886,0.9961493082939146
b7337452-ab08-43e5-9f3b-419107415280,chemistry,frontierscience/deepseek/deepseek-v3.2_reasoning-auto,deepseek/deepseek-v3.2_reasoning-auto,0,False,Response validation failed: EOF while parsing a value at line 1377 column 0,False,,
b7337452-ab08-43e5-9f3b-419107415280,chemistry,frontierscience/deepseek/deepseek-v3.2_reasoning-auto_s1,deepseek/deepseek-v3.2_reasoning-auto_s1,1,True,,True,0.6458926891031669,0.017598123944191076
b7337452-ab08-43e5-9f3b-419107415280,chemistry,frontierscience/deepseek/deepseek-v3.2_reasoning-auto_s2,deepseek/deepseek-v3.2_reasoning-auto_s2,2,True,,True,0.09320364632808875,0.9837697314671247
b7337452-ab08-43e5-9f3b-419107415280,chemistry,frontierscience/deepseek/deepseek-v3.2_reasoning-auto_s3,deepseek/deepseek-v3.2_reasoning-auto_s3,3,True,,True,0.806237022202352,0.9999129317932538
b7337452-ab08-43e5-9f3b-419107415280,chemistry,frontierscience/deepseek/deepseek-v3.2_reasoning-auto_s4,deepseek/deepseek-v3.2_reasoning-auto_s4,4,True,,True,0.5363546057671659,0.8924897604066946
b75893ef-5c56-4d43-9ae1-8c9caaf32ee2,chemistry,frontierscience/deepseek/deepseek-v3.2_reasoning-auto,deepseek/deepseek-v3.2_reasoning-auto,0,True,,True,0.008385744246562283,0.004202096722596625
b75893ef-5c56-4d43-9ae1-8c9caaf32ee2,chemistry,frontierscience/deepseek/deepseek-v3.2_reasoning-auto_s1,deepseek/deepseek-v3.2_reasoning-auto_s1,1,True,,False,0.5341426374978369,0.806589961319111
b75893ef-5c56-4d43-9ae1-8c9caaf32ee2,chemistry,frontierscience/deepseek/deepseek-v3.2_reasoning-auto_s2,deepseek/deepseek-v3.2_reasoning-auto_s2,2,True,,False,0.3658034379003832,0.5541825048355671
b75893ef-5c56-4d43-9ae1-8c9caaf32ee2,chemistry,frontierscience/deepseek/deepseek-v3.2_reasoning-auto_s3,deepseek/deepseek-v3.2_reasoning-auto_s3,3,True,,True,0.04785804770061071,0.925466464996204
b75893ef-5c56-4d43-9ae1-8c9caaf32ee2,chemistry,frontierscience/deepseek/deepseek-v3.2_reasoning-auto_s4,deepseek/deepseek-v3.2_reasoning-auto_s4,4,True,,False,0.17042853317702222,0.001110962348022085
b90fc8dc-2fca-4ff7-9c9f-a2e6a0ac7812,physics,frontierscience/deepseek/deepseek-v3.2_reasoning-auto,deepseek/deepseek-v3.2_reasoning-auto,0,True,,True,0.19573350626553676,0.9188734862606922
b90fc8dc-2fca-4ff7-9c9f-a2e6a0ac7812,physics,frontierscience/deepseek/deepseek-v3.2_reasoning-auto_s1,deepseek/deepseek-v3.2_reasoning-auto_s1,1,True,,True,0.9155157420507513,0.9681413895343151
b90fc8dc-2fca-4ff7-9c9f-a2e6a0ac7812,physics,frontierscience/deepseek/deepseek-v3.2_reasoning-auto_s2,deepseek/deepseek-v3.2_reasoning-auto_s2,2,True,,True,0.9636611188493074,0.9851615369590452
b90fc8dc-2fca-4ff7-9c9f-a2e6a0ac7812,physics,frontierscience/deepseek/deepseek-v3.2_reasoning-auto_s3,deepseek/deepseek-v3.2_reasoning-auto_s3,3,True,,True,0.2101203673049318,0.9960183571219889
b90fc8dc-2fca-4ff7-9c9f-a2e6a0ac7812,physics,frontierscience/deepseek/deepseek-v3.2_reasoning-auto_s4,deepseek/deepseek-v3.2_reasoning-auto_s4,4,True,,True,0.8707417307717671,0.9450114993239432
bb0539ef-d9fd-4215-bf16-b0eca44a8778,physics,frontierscience/deepseek/deepseek-v3.2_reasoning-auto,deepseek/deepseek-v3.2_reasoning-auto,0,True,,True,0.15561372213612706,0.08043082213280585
bb0539ef-d9fd-4215-bf16-b0eca44a8778,physics,frontierscience/deepseek/deepseek-v3.2_reasoning-auto_s1,deepseek/deepseek-v3.2_reasoning-auto_s1,1,True,,True,0.23911769291332818,0.19755527584071633
bb0539ef-d9fd-4215-bf16-b0eca44a8778,physics,frontierscience/deepseek/deepseek-v3.2_reasoning-auto_s2,deepseek/deepseek-v3.2_reasoning-auto_s2,2,True,,True,0.10209085455711914,0.6029798225893157
bb0539ef-d9fd-4215-bf16-b0eca44a8778,physics,frontierscience/deepseek/deepseek-v3.2_reasoning-auto_s3,deepseek/deepseek-v3.2_reasoning-auto_s3,3,True,,True,0.6011841902522942,0.9884421365775075
bb0539ef-d9fd-4215-bf16-b0eca44a8778,physics,frontierscience/deepseek/deepseek-v3.2_reasoning-auto_s4,deepseek/deepseek-v3.2_reasoning-auto_s4,4,True,,True,0.5130272054355143,0.5901374164771032
bc8a05ac-9db5-47b4-8618-84aa4a46466a,physics,frontierscience/deepseek/deepseek-v3.2_reasoning-auto,deepseek/deepseek-v3.2_reasoning-auto,0,False,Response validation failed: EOF while parsing a value at line 547 column 0,False,,
bc8a05ac-9db5-47b4-8618-84aa4a46466a,physics,frontierscience/deepseek/deepseek-v3.2_reasoning-auto_s1,deepseek/deepseek-v3.2_reasoning-auto_s1,1,True,,True,0.7326417173458839,0.9888343189616499
bc8a05ac-9db5-47b4-8618-84aa4a46466a,physics,frontierscience/deepseek/deepseek-v3.2_reasoning-auto_s2,deepseek/deepseek-v3.2_reasoning-auto_s2,2,True,,True,0.9969522837659393,0.9753030681767129
bc8a05ac-9db5-47b4-8618-84aa4a46466a,physics,frontierscience/deepseek/deepseek-v3.2_reasoning-auto_s3,deepseek/deepseek-v3.2_reasoning-auto_s3,3,True,,True,0.8697730026314243,0.6269831670378803
bc8a05ac-9db5-47b4-8618-84aa4a46466a,physics,frontierscience/deepseek/deepseek-v3.2_reasoning-auto_s4,deepseek/deepseek-v3.2_reasoning-auto_s4,4,True,,True,0.8493083769431825,0.9024946315339017
bdb3fc5f-9374-4e37-9af9-6036e3e29093,physics,frontierscience/deepseek/deepseek-v3.2_reasoning-auto,deepseek/deepseek-v3.2_reasoning-auto,0,True,,False,0.49881701418826324,0.992432436845421
bdb3fc5f-9374-4e37-9af9-6036e3e29093,physics,frontierscience/deepseek/deepseek-v3.2_reasoning-auto_s1,deepseek/deepseek-v3.2_reasoning-auto_s1,1,False,peer closed connection without sending complete message body (incomplete chunked read),False,,
bdb3fc5f-9374-4e37-9af9-6036e3e29093,physics,frontierscience/deepseek/deepseek-v3.2_reasoning-auto_s2,deepseek/deepseek-v3.2_reasoning-auto_s2,2,True,,False,0.46241085309365815,0.009163500211071466
bdb3fc5f-9374-4e37-9af9-6036e3e29093,physics,frontierscience/deepseek/deepseek-v3.2_reasoning-auto_s3,deepseek/deepseek-v3.2_reasoning-auto_s3,3,True,,False,0.49170530390206363,0.03797987330535848
bdb3fc5f-9374-4e37-9af9-6036e3e29093,physics,frontierscience/deepseek/deepseek-v3.2_reasoning-auto_s4,deepseek/deepseek-v3.2_reasoning-auto_s4,4,True,,False,0.3423738265161149,0.0007550697822042578
c982b5bc-0fb8-4f12-94fa-f05715209ead,chemistry,frontierscience/deepseek/deepseek-v3.2_reasoning-auto,deepseek/deepseek-v3.2_reasoning-auto,0,True,,False,0.08964663507472638,0.0196094750292521
c982b5bc-0fb8-4f12-94fa-f05715209ead,chemistry,frontierscience/deepseek/deepseek-v3.2_reasoning-auto_s1,deepseek/deepseek-v3.2_reasoning-auto_s1,1,True,,True,0.813415702096568,0.8960371520300193
c982b5bc-0fb8-4f12-94fa-f05715209ead,chemistry,frontierscience/deepseek/deepseek-v3.2_reasoning-auto_s2,deepseek/deepseek-v3.2_reasoning-auto_s2,2,False,Response validation failed: EOF while parsing a value at line 3987 column 0,False,,
c982b5bc-0fb8-4f12-94fa-f05715209ead,chemistry,frontierscience/deepseek/deepseek-v3.2_reasoning-auto_s3,deepseek/deepseek-v3.2_reasoning-auto_s3,3,True,,False,0.12542485583744478,0.002368044937379032
c982b5bc-0fb8-4f12-94fa-f05715209ead,chemistry,frontierscience/deepseek/deepseek-v3.2_reasoning-auto_s4,deepseek/deepseek-v3.2_reasoning-auto_s4,4,True,,False,0.3105255262246689,0.0002666205092130461
cb11faa6-e12a-4621-9fa7-f6f4b11a9300,physics,frontierscience/deepseek/deepseek-v3.2_reasoning-auto,deepseek/deepseek-v3.2_reasoning-auto,0,True,,True,0.8172396966891077,0.9974981984484174
cb11faa6-e12a-4621-9fa7-f6f4b11a9300,physics,frontierscience/deepseek/deepseek-v3.2_reasoning-auto_s1,deepseek/deepseek-v3.2_reasoning-auto_s1,1,True,,True,0.38628683578312945,0.025017839540951808
cb11faa6-e12a-4621-9fa7-f6f4b11a9300,physics,frontierscience/deepseek/deepseek-v3.2_reasoning-auto_s2,deepseek/deepseek-v3.2_reasoning-auto_s2,2,True,,True,0.9700622355739452,0.9945385897102834
cb11faa6-e12a-4621-9fa7-f6f4b11a9300,physics,frontierscience/deepseek/deepseek-v3.2_reasoning-auto_s3,deepseek/deepseek-v3.2_reasoning-auto_s3,3,True,,True,0.9285538633720586,0.17994278476681866
cb11faa6-e12a-4621-9fa7-f6f4b11a9300,physics,frontierscience/deepseek/deepseek-v3.2_reasoning-auto_s4,deepseek/deepseek-v3.2_reasoning-auto_s4,4,True,,True,0.11109787913273106,0.1146673287867247
cc251e69-6a32-4ed7-9315-beee80404866,chemistry,frontierscience/deepseek/deepseek-v3.2_reasoning-auto,deepseek/deepseek-v3.2_reasoning-auto,0,True,,True,0.79536226983014,0.9933097309916906
cc251e69-6a32-4ed7-9315-beee80404866,chemistry,frontierscience/deepseek/deepseek-v3.2_reasoning-auto_s1,deepseek/deepseek-v3.2_reasoning-auto_s1,1,True,,True,0.8338021436194756,0.9012566953954683
cc251e69-6a32-4ed7-9315-beee80404866,chemistry,frontierscience/deepseek/deepseek-v3.2_reasoning-auto_s2,deepseek/deepseek-v3.2_reasoning-auto_s2,2,True,,True,0.49017050549556684,0.06122461227300656
cc251e69-6a32-4ed7-9315-beee80404866,chemistry,frontierscience/deepseek/deepseek-v3.2_reasoning-auto_s3,deepseek/deepseek-v3.2_reasoning-auto_s3,3,True,,True,0.3061600682706936,0.8641566972806802
cc251e69-6a32-4ed7-9315-beee80404866,chemistry,frontierscience/deepseek/deepseek-v3.2_reasoning-auto_s4,deepseek/deepseek-v3.2_reasoning-auto_s4,4,False,peer closed connection without sending complete message body (incomplete chunked read),False,,
cfa05761-b488-4491-9f77-8854ece1cf98,physics,frontierscience/deepseek/deepseek-v3.2_reasoning-auto,deepseek/deepseek-v3.2_reasoning-auto,0,True,,False,0.978006010208007,0.23285163287400054
cfa05761-b488-4491-9f77-8854ece1cf98,physics,frontierscience/deepseek/deepseek-v3.2_reasoning-auto_s1,deepseek/deepseek-v3.2_reasoning-auto_s1,1,True,,False,0.5062048125687404,0.026861617923974908
cfa05761-b488-4491-9f77-8854ece1cf98,physics,frontierscience/deepseek/deepseek-v3.2_reasoning-auto_s2,deepseek/deepseek-v3.2_reasoning-auto_s2,2,False,Response validation failed: EOF while parsing a value at line 10535 column 0,False,,
cfa05761-b488-4491-9f77-8854ece1cf98,physics,frontierscience/deepseek/deepseek-v3.2_reasoning-auto_s3,deepseek/deepseek-v3.2_reasoning-auto_s3,3,True,,False,0.7213410769449538,0.8722274046081878
cfa05761-b488-4491-9f77-8854ece1cf98,physics,frontierscience/deepseek/deepseek-v3.2_reasoning-auto_s4,deepseek/deepseek-v3.2_reasoning-auto_s4,4,True,,False,0.9892039135305276,0.9943040183676235
d1cec1fb-13bb-475a-b2f1-956db5ef3b77,physics,frontierscience/deepseek/deepseek-v3.2_reasoning-auto,deepseek/deepseek-v3.2_reasoning-auto,0,True,,True,0.34762314882949213,0.3152948069033925
d1cec1fb-13bb-475a-b2f1-956db5ef3b77,physics,frontierscience/deepseek/deepseek-v3.2_reasoning-auto_s1,deepseek/deepseek-v3.2_reasoning-auto_s1,1,True,,True,0.8989971949392157,0.9314032199094956
d1cec1fb-13bb-475a-b2f1-956db5ef3b77,physics,frontierscience/deepseek/deepseek-v3.2_reasoning-auto_s2,deepseek/deepseek-v3.2_reasoning-auto_s2,2,True,,True,0.842440842710967,0.9994490898898429
d1cec1fb-13bb-475a-b2f1-956db5ef3b77,physics,frontierscience/deepseek/deepseek-v3.2_reasoning-auto_s3,deepseek/deepseek-v3.2_reasoning-auto_s3,3,True,,True,0.6961931824012485,0.9767675686568882
d1cec1fb-13bb-475a-b2f1-956db5ef3b77,physics,frontierscience/deepseek/deepseek-v3.2_reasoning-auto_s4,deepseek/deepseek-v3.2_reasoning-auto_s4,4,True,,False,0.787796275004061,0.015343831115172252
dbe975d5-c431-4d73-8f7c-f8bba77ea458,physics,frontierscience/deepseek/deepseek-v3.2_reasoning-auto,deepseek/deepseek-v3.2_reasoning-auto,0,True,,True,0.8457587263316032,0.9833286903389736
dbe975d5-c431-4d73-8f7c-f8bba77ea458,physics,frontierscience/deepseek/deepseek-v3.2_reasoning-auto_s1,deepseek/deepseek-v3.2_reasoning-auto_s1,1,True,,True,0.9001486509810658,0.8518299887428195
dbe975d5-c431-4d73-8f7c-f8bba77ea458,physics,frontierscience/deepseek/deepseek-v3.2_reasoning-auto_s2,deepseek/deepseek-v3.2_reasoning-auto_s2,2,True,,True,0.013586756598739168,0.0023886700925843537
dbe975d5-c431-4d73-8f7c-f8bba77ea458,physics,frontierscience/deepseek/deepseek-v3.2_reasoning-auto_s3,deepseek/deepseek-v3.2_reasoning-auto_s3,3,True,,True,0.7884085207189397,0.9972213982305524
dbe975d5-c431-4d73-8f7c-f8bba77ea458,physics,frontierscience/deepseek/deepseek-v3.2_reasoning-auto_s4,deepseek/deepseek-v3.2_reasoning-auto_s4,4,True,,True,0.12380594326115273,0.007988897377836965
dcc38501-c38e-4a8e-a069-1a401d6432c0,physics,frontierscience/deepseek/deepseek-v3.2_reasoning-auto,deepseek/deepseek-v3.2_reasoning-auto,0,True,,False,0.24545706346837753,0.06603418136175213
dcc38501-c38e-4a8e-a069-1a401d6432c0,physics,frontierscience/deepseek/deepseek-v3.2_reasoning-auto_s1,deepseek/deepseek-v3.2_reasoning-auto_s1,1,True,,False,0.9595224322949015,0.2843221734890907
dcc38501-c38e-4a8e-a069-1a401d6432c0,physics,frontierscience/deepseek/deepseek-v3.2_reasoning-auto_s2,deepseek/deepseek-v3.2_reasoning-auto_s2,2,True,,False,0.9999999999999993,0.5747447243594808
dcc38501-c38e-4a8e-a069-1a401d6432c0,physics,frontierscience/deepseek/deepseek-v3.2_reasoning-auto_s3,deepseek/deepseek-v3.2_reasoning-auto_s3,3,True,,False,0.24640720437331257,0.5304444413877835
dcc38501-c38e-4a8e-a069-1a401d6432c0,physics,frontierscience/deepseek/deepseek-v3.2_reasoning-auto_s4,deepseek/deepseek-v3.2_reasoning-auto_s4,4,True,,False,0.8272721884756524,0.04793406156606053
e1b0b588-915d-46ad-990e-ba5aa554053e,physics,frontierscience/deepseek/deepseek-v3.2_reasoning-auto,deepseek/deepseek-v3.2_reasoning-auto,0,True,,False,0.6221079882587564,0.054294791153794354
e1b0b588-915d-46ad-990e-ba5aa554053e,physics,frontierscience/deepseek/deepseek-v3.2_reasoning-auto_s1,deepseek/deepseek-v3.2_reasoning-auto_s1,1,True,,False,0.6905408338311243,0.9981091882637332
e1b0b588-915d-46ad-990e-ba5aa554053e,physics,frontierscience/deepseek/deepseek-v3.2_reasoning-auto_s2,deepseek/deepseek-v3.2_reasoning-auto_s2,2,True,,False,0.29064540061444083,0.9338530946648114
e1b0b588-915d-46ad-990e-ba5aa554053e,physics,frontierscience/deepseek/deepseek-v3.2_reasoning-auto_s3,deepseek/deepseek-v3.2_reasoning-auto_s3,3,True,,False,0.028219842166051324,0.9716533003967595
e1b0b588-915d-46ad-990e-ba5aa554053e,physics,frontierscience/deepseek/deepseek-v3.2_reasoning-auto_s4,deepseek/deepseek-v3.2_reasoning-auto_s4,4,True,,False,0.4381530287263499,0.37904122298820314
e2bef5ee-c2ee-4704-b52a-63bb2e7aea7a,physics,frontierscience/deepseek/deepseek-v3.2_reasoning-auto,deepseek/deepseek-v3.2_reasoning-auto,0,True,,False,0.10666092668879733,0.02643204408291864
e2bef5ee-c2ee-4704-b52a-63bb2e7aea7a,physics,frontierscience/deepseek/deepseek-v3.2_reasoning-auto_s1,deepseek/deepseek-v3.2_reasoning-auto_s1,1,True,,True,0.3035424415966517,0.04411496583863023
e2bef5ee-c2ee-4704-b52a-63bb2e7aea7a,physics,frontierscience/deepseek/deepseek-v3.2_reasoning-auto_s2,deepseek/deepseek-v3.2_reasoning-auto_s2,2,True,,True,0.7916702596772511,0.4111045357001578
e2bef5ee-c2ee-4704-b52a-63bb2e7aea7a,physics,frontierscience/deepseek/deepseek-v3.2_reasoning-auto_s3,deepseek/deepseek-v3.2_reasoning-auto_s3,3,True,,True,0.10010323162597237,0.0007770094176791499
e2bef5ee-c2ee-4704-b52a-63bb2e7aea7a,physics,frontierscience/deepseek/deepseek-v3.2_reasoning-auto_s4,deepseek/deepseek-v3.2_reasoning-auto_s4,4,True,,False,0.9774302667254516,0.007745181496594314
ea576eec-eb50-4d75-9849-ccd4c83a15fe,chemistry,frontierscience/deepseek/deepseek-v3.2_reasoning-auto,deepseek/deepseek-v3.2_reasoning-auto,0,True,,True,0.7487866678822385,0.9960541759119187
ea576eec-eb50-4d75-9849-ccd4c83a15fe,chemistry,frontierscience/deepseek/deepseek-v3.2_reasoning-auto_s1,deepseek/deepseek-v3.2_reasoning-auto_s1,1,True,,True,0.8649724455123351,0.08880128443157427
ea576eec-eb50-4d75-9849-ccd4c83a15fe,chemistry,frontierscience/deepseek/deepseek-v3.2_reasoning-auto_s2,deepseek/deepseek-v3.2_reasoning-auto_s2,2,True,,True,0.9737273111816257,0.9993086741186499
ea576eec-eb50-4d75-9849-ccd4c83a15fe,chemistry,frontierscience/deepseek/deepseek-v3.2_reasoning-auto_s3,deepseek/deepseek-v3.2_reasoning-auto_s3,3,True,,True,0.10825628852046544,0.0592476879058976
ea576eec-eb50-4d75-9849-ccd4c83a15fe,chemistry,frontierscience/deepseek/deepseek-v3.2_reasoning-auto_s4,deepseek/deepseek-v3.2_reasoning-auto_s4,4,True,,True,0.1170241545679808,0.9111624378189176
ecb58594-7fd9-4a94-b799-0f1c13acb752,chemistry,frontierscience/deepseek/deepseek-v3.2_reasoning-auto,deepseek/deepseek-v3.2_reasoning-auto,0,True,,True,0.9290839479626024,0.998842763604011
ecb58594-7fd9-4a94-b799-0f1c13acb752,chemistry,frontierscience/deepseek/deepseek-v3.2_reasoning-auto_s1,deepseek/deepseek-v3.2_reasoning-auto_s1,1,True,,True,0.3359017351209074,0.6323015787525138
ecb58594-7fd9-4a94-b799-0f1c13acb752,chemistry,frontierscience/deepseek/deepseek-v3.2_reasoning-auto_s2,deepseek/deepseek-v3.2_reasoning-auto_s2,2,True,,True,0.33080811009460237,0.695363357766838
ecb58594-7fd9-4a94-b799-0f1c13acb752,chemistry,frontierscience/deepseek/deepseek-v3.2_reasoning-auto_s3,deepseek/deepseek-v3.2_reasoning-auto_s3,3,True,,True,0.9732536181140827,0.9186035498103634
ecb58594-7fd9-4a94-b799-0f1c13acb752,chemistry,frontierscience/deepseek/deepseek-v3.2_reasoning-auto_s4,deepseek/deepseek-v3.2_reasoning-auto_s4,4,True,,True,0.98003662208313,0.9558516775243813
ee749fc0-8faa-45f7-881b-b5703b1a4b01,chemistry,frontierscience/deepseek/deepseek-v3.2_reasoning-auto,deepseek/deepseek-v3.2_reasoning-auto,0,True,,True,0.8197905586744257,0.9988866295867584
ee749fc0-8faa-45f7-881b-b5703b1a4b01,chemistry,frontierscience/deepseek/deepseek-v3.2_reasoning-auto_s1,deepseek/deepseek-v3.2_reasoning-auto_s1,1,True,,True,0.9544205926759757,0.9761130138270785
ee749fc0-8faa-45f7-881b-b5703b1a4b01,chemistry,frontierscience/deepseek/deepseek-v3.2_reasoning-auto_s2,deepseek/deepseek-v3.2_reasoning-auto_s2,2,True,,True,0.44137699440466505,0.9451326006540224
ee749fc0-8faa-45f7-881b-b5703b1a4b01,chemistry,frontierscience/deepseek/deepseek-v3.2_reasoning-auto_s3,deepseek/deepseek-v3.2_reasoning-auto_s3,3,True,,True,0.2992924893340781,0.008795337336816556
ee749fc0-8faa-45f7-881b-b5703b1a4b01,chemistry,frontierscience/deepseek/deepseek-v3.2_reasoning-auto_s4,deepseek/deepseek-v3.2_reasoning-auto_s4,4,True,,True,0.8917279522417803,0.9832692827363134
eeb31abb-41cb-4fe6-9864-f98fdcef338d,biology,frontierscience/deepseek/deepseek-v3.2_reasoning-auto,deepseek/deepseek-v3.2_reasoning-auto,0,True,,True,0.516891216151224,0.9628147794653646
eeb31abb-41cb-4fe6-9864-f98fdcef338d,biology,frontierscience/deepseek/deepseek-v3.2_reasoning-auto_s1,deepseek/deepseek-v3.2_reasoning-auto_s1,1,True,,True,0.7688144239713444,0.9676586161988782
eeb31abb-41cb-4fe6-9864-f98fdcef338d,biology,frontierscience/deepseek/deepseek-v3.2_reasoning-auto_s2,deepseek/deepseek-v3.2_reasoning-auto_s2,2,True,,True,0.6619322062083689,0.9117161742793746
eeb31abb-41cb-4fe6-9864-f98fdcef338d,biology,frontierscience/deepseek/deepseek-v3.2_reasoning-auto_s3,deepseek/deepseek-v3.2_reasoning-auto_s3,3,True,,True,0.6908090754967411,0.9971700523648145
eeb31abb-41cb-4fe6-9864-f98fdcef338d,biology,frontierscience/deepseek/deepseek-v3.2_reasoning-auto_s4,deepseek/deepseek-v3.2_reasoning-auto_s4,4,True,,True,0.8409544468675868,0.9990416669867314
eec8840a-2d00-4e70-b043-0da51bd1b288,chemistry,frontierscience/deepseek/deepseek-v3.2_reasoning-auto,deepseek/deepseek-v3.2_reasoning-auto,0,True,,True,0.9227058334607904,0.7316921040665917
eec8840a-2d00-4e70-b043-0da51bd1b288,chemistry,frontierscience/deepseek/deepseek-v3.2_reasoning-auto_s1,deepseek/deepseek-v3.2_reasoning-auto_s1,1,True,,True,0.31357362633610064,0.4389395731569285
eec8840a-2d00-4e70-b043-0da51bd1b288,chemistry,frontierscience/deepseek/deepseek-v3.2_reasoning-auto_s2,deepseek/deepseek-v3.2_reasoning-auto_s2,2,True,,True,0.6537952375532684,0.6612764591583874
eec8840a-2d00-4e70-b043-0da51bd1b288,chemistry,frontierscience/deepseek/deepseek-v3.2_reasoning-auto_s3,deepseek/deepseek-v3.2_reasoning-auto_s3,3,True,,True,0.494149495908592,0.9592128870220015
eec8840a-2d00-4e70-b043-0da51bd1b288,chemistry,frontierscience/deepseek/deepseek-v3.2_reasoning-auto_s4,deepseek/deepseek-v3.2_reasoning-auto_s4,4,True,,True,0.29071042019300986,0.7690361756493648
f040ed81-6802-4359-beff-42e319c1b0f1,chemistry,frontierscience/deepseek/deepseek-v3.2_reasoning-auto,deepseek/deepseek-v3.2_reasoning-auto,0,True,,True,0.879729858266737,0.9907126629926543
f040ed81-6802-4359-beff-42e319c1b0f1,chemistry,frontierscience/deepseek/deepseek-v3.2_reasoning-auto_s1,deepseek/deepseek-v3.2_reasoning-auto_s1,1,True,,False,0.8660996332021664,0.8872056411729761
f040ed81-6802-4359-beff-42e319c1b0f1,chemistry,frontierscience/deepseek/deepseek-v3.2_reasoning-auto_s2,deepseek/deepseek-v3.2_reasoning-auto_s2,2,False,Response validation failed: EOF while parsing a value at line 2203 column 0,False,,
f040ed81-6802-4359-beff-42e319c1b0f1,chemistry,frontierscience/deepseek/deepseek-v3.2_reasoning-auto_s3,deepseek/deepseek-v3.2_reasoning-auto_s3,3,True,,False,0.11910327184645643,0.24986275078797957
f040ed81-6802-4359-beff-42e319c1b0f1,chemistry,frontierscience/deepseek/deepseek-v3.2_reasoning-auto_s4,deepseek/deepseek-v3.2_reasoning-auto_s4,4,True,,True,0.14682866711213238,0.9867652157491411
f10254b9-f0a1-407f-8af9-3169e23eee5e,physics,frontierscience/deepseek/deepseek-v3.2_reasoning-auto,deepseek/deepseek-v3.2_reasoning-auto,0,True,,False,0.5402116393882892,0.9998147416590099
f10254b9-f0a1-407f-8af9-3169e23eee5e,physics,frontierscience/deepseek/deepseek-v3.2_reasoning-auto_s1,deepseek/deepseek-v3.2_reasoning-auto_s1,1,True,,False,0.9908450033301791,0.994317553273259
f10254b9-f0a1-407f-8af9-3169e23eee5e,physics,frontierscience/deepseek/deepseek-v3.2_reasoning-auto_s2,deepseek/deepseek-v3.2_reasoning-auto_s2,2,True,,False,0.06986734825062953,0.5642789188599429
f10254b9-f0a1-407f-8af9-3169e23eee5e,physics,frontierscience/deepseek/deepseek-v3.2_reasoning-auto_s3,deepseek/deepseek-v3.2_reasoning-auto_s3,3,True,,False,0.9087718191601114,0.9956699447088628
f10254b9-f0a1-407f-8af9-3169e23eee5e,physics,frontierscience/deepseek/deepseek-v3.2_reasoning-auto_s4,deepseek/deepseek-v3.2_reasoning-auto_s4,4,True,,False,0.8108509758221188,0.9966007265338706
f12a8706-3ddd-4255-9234-0655babceb8e,chemistry,frontierscience/deepseek/deepseek-v3.2_reasoning-auto,deepseek/deepseek-v3.2_reasoning-auto,0,True,,True,0.700036693297988,0.9981465221918236
f12a8706-3ddd-4255-9234-0655babceb8e,chemistry,frontierscience/deepseek/deepseek-v3.2_reasoning-auto_s1,deepseek/deepseek-v3.2_reasoning-auto_s1,1,True,,False,0.9275250534345962,0.01649999783957991
f12a8706-3ddd-4255-9234-0655babceb8e,chemistry,frontierscience/deepseek/deepseek-v3.2_reasoning-auto_s2,deepseek/deepseek-v3.2_reasoning-auto_s2,2,True,,True,0.9624516306825542,0.9955280868865711
f12a8706-3ddd-4255-9234-0655babceb8e,chemistry,frontierscience/deepseek/deepseek-v3.2_reasoning-auto_s3,deepseek/deepseek-v3.2_reasoning-auto_s3,3,True,,True,0.3952908633722174,0.896279807062031
f12a8706-3ddd-4255-9234-0655babceb8e,chemistry,frontierscience/deepseek/deepseek-v3.2_reasoning-auto_s4,deepseek/deepseek-v3.2_reasoning-auto_s4,4,True,,True,0.9730585822334042,0.996179771475447
f398c3ad-6cff-45b1-a21d-5ce963db75aa,physics,frontierscience/deepseek/deepseek-v3.2_reasoning-auto,deepseek/deepseek-v3.2_reasoning-auto,0,True,,True,0.9272617950791073,0.9305868301293689
f398c3ad-6cff-45b1-a21d-5ce963db75aa,physics,frontierscience/deepseek/deepseek-v3.2_reasoning-auto_s1,deepseek/deepseek-v3.2_reasoning-auto_s1,1,True,,True,0.6622155740178424,0.03708715666762771
f398c3ad-6cff-45b1-a21d-5ce963db75aa,physics,frontierscience/deepseek/deepseek-v3.2_reasoning-auto_s2,deepseek/deepseek-v3.2_reasoning-auto_s2,2,True,,True,0.9135810606253134,0.9932689593946196
f398c3ad-6cff-45b1-a21d-5ce963db75aa,physics,frontierscience/deepseek/deepseek-v3.2_reasoning-auto_s3,deepseek/deepseek-v3.2_reasoning-auto_s3,3,True,,True,0.8033114509947632,0.993549956897846
f398c3ad-6cff-45b1-a21d-5ce963db75aa,physics,frontierscience/deepseek/deepseek-v3.2_reasoning-auto_s4,deepseek/deepseek-v3.2_reasoning-auto_s4,4,True,,True,0.8733101658195129,0.9998388043344428
f3ba1aae-2fc3-4d9b-a5a3-42bb91de4d7d,physics,frontierscience/deepseek/deepseek-v3.2_reasoning-auto,deepseek/deepseek-v3.2_reasoning-auto,0,True,,False,0.8938385819370102,0.6850804493518431
f3ba1aae-2fc3-4d9b-a5a3-42bb91de4d7d,physics,frontierscience/deepseek/deepseek-v3.2_reasoning-auto_s1,deepseek/deepseek-v3.2_reasoning-auto_s1,1,True,,False,0.89676096930096,0.7922699980842104
f3ba1aae-2fc3-4d9b-a5a3-42bb91de4d7d,physics,frontierscience/deepseek/deepseek-v3.2_reasoning-auto_s2,deepseek/deepseek-v3.2_reasoning-auto_s2,2,True,,False,0.553063158828547,0.6189604781524767
f3ba1aae-2fc3-4d9b-a5a3-42bb91de4d7d,physics,frontierscience/deepseek/deepseek-v3.2_reasoning-auto_s3,deepseek/deepseek-v3.2_reasoning-auto_s3,3,True,,False,0.8712222539417832,0.9556343751103248
f3ba1aae-2fc3-4d9b-a5a3-42bb91de4d7d,physics,frontierscience/deepseek/deepseek-v3.2_reasoning-auto_s4,deepseek/deepseek-v3.2_reasoning-auto_s4,4,True,,False,0.823695248939851,0.9991834490351457
f44b0903-1c29-44a5-9f9b-b6ccdd164e1c,chemistry,frontierscience/deepseek/deepseek-v3.2_reasoning-auto,deepseek/deepseek-v3.2_reasoning-auto,0,True,,False,0.9318625677577248,0.9999080703643234
f44b0903-1c29-44a5-9f9b-b6ccdd164e1c,chemistry,frontierscience/deepseek/deepseek-v3.2_reasoning-auto_s1,deepseek/deepseek-v3.2_reasoning-auto_s1,1,True,,True,0.8613456598972942,0.7327007069985843
f44b0903-1c29-44a5-9f9b-b6ccdd164e1c,chemistry,frontierscience/deepseek/deepseek-v3.2_reasoning-auto_s2,deepseek/deepseek-v3.2_reasoning-auto_s2,2,True,,False,0.15445655420652676,0.011087699247210082
f44b0903-1c29-44a5-9f9b-b6ccdd164e1c,chemistry,frontierscience/deepseek/deepseek-v3.2_reasoning-auto_s3,deepseek/deepseek-v3.2_reasoning-auto_s3,3,True,,False,0.3883168423278764,0.5483075376935163
f44b0903-1c29-44a5-9f9b-b6ccdd164e1c,chemistry,frontierscience/deepseek/deepseek-v3.2_reasoning-auto_s4,deepseek/deepseek-v3.2_reasoning-auto_s4,4,True,,True,0.12177301729792715,0.04144774002660978
f4681d73-b08d-450c-89d3-85b9d1250419,physics,frontierscience/deepseek/deepseek-v3.2_reasoning-auto,deepseek/deepseek-v3.2_reasoning-auto,0,True,,False,0.37926116120963815,0.22830693000284777
f4681d73-b08d-450c-89d3-85b9d1250419,physics,frontierscience/deepseek/deepseek-v3.2_reasoning-auto_s1,deepseek/deepseek-v3.2_reasoning-auto_s1,1,True,,True,0.5872048990309658,0.6323561121851526
f4681d73-b08d-450c-89d3-85b9d1250419,physics,frontierscience/deepseek/deepseek-v3.2_reasoning-auto_s2,deepseek/deepseek-v3.2_reasoning-auto_s2,2,True,,True,0.09090211416790693,0.005607106795434838
f4681d73-b08d-450c-89d3-85b9d1250419,physics,frontierscience/deepseek/deepseek-v3.2_reasoning-auto_s3,deepseek/deepseek-v3.2_reasoning-auto_s3,3,True,,False,0.09158825032115629,0.555249276042719
f4681d73-b08d-450c-89d3-85b9d1250419,physics,frontierscience/deepseek/deepseek-v3.2_reasoning-auto_s4,deepseek/deepseek-v3.2_reasoning-auto_s4,4,True,,True,0.36212560602985444,0.9991272816465542
f7b49518-6e84-44e3-9480-4cf91d149702,biology,frontierscience/deepseek/deepseek-v3.2_reasoning-auto,deepseek/deepseek-v3.2_reasoning-auto,0,True,,False,0.4885776021864967,0.7041634239855817
f7b49518-6e84-44e3-9480-4cf91d149702,biology,frontierscience/deepseek/deepseek-v3.2_reasoning-auto_s1,deepseek/deepseek-v3.2_reasoning-auto_s1,1,True,,False,0.6760704241350948,0.83977844903333
f7b49518-6e84-44e3-9480-4cf91d149702,biology,frontierscience/deepseek/deepseek-v3.2_reasoning-auto_s2,deepseek/deepseek-v3.2_reasoning-auto_s2,2,True,,False,0.5929576246788756,0.38208096464693525
f7b49518-6e84-44e3-9480-4cf91d149702,biology,frontierscience/deepseek/deepseek-v3.2_reasoning-auto_s3,deepseek/deepseek-v3.2_reasoning-auto_s3,3,True,,False,0.9306853944963156,0.2962675778384499
f7b49518-6e84-44e3-9480-4cf91d149702,biology,frontierscience/deepseek/deepseek-v3.2_reasoning-auto_s4,deepseek/deepseek-v3.2_reasoning-auto_s4,4,True,,False,0.45156692476557536,0.30725560946577085
f88cc0c0-2ca6-4cb0-bd1e-a37ddcf11294,physics,frontierscience/deepseek/deepseek-v3.2_reasoning-auto,deepseek/deepseek-v3.2_reasoning-auto,0,True,,False,0.23081402179227192,0.9940042492778639
f88cc0c0-2ca6-4cb0-bd1e-a37ddcf11294,physics,frontierscience/deepseek/deepseek-v3.2_reasoning-auto_s1,deepseek/deepseek-v3.2_reasoning-auto_s1,1,True,,False,0.0359972002728151,0.6616036938088308
f88cc0c0-2ca6-4cb0-bd1e-a37ddcf11294,physics,frontierscience/deepseek/deepseek-v3.2_reasoning-auto_s2,deepseek/deepseek-v3.2_reasoning-auto_s2,2,True,,True,0.5500205707710784,0.9913155625215133
f88cc0c0-2ca6-4cb0-bd1e-a37ddcf11294,physics,frontierscience/deepseek/deepseek-v3.2_reasoning-auto_s3,deepseek/deepseek-v3.2_reasoning-auto_s3,3,True,,False,0.018846954483025653,0.04028311162051242
f88cc0c0-2ca6-4cb0-bd1e-a37ddcf11294,physics,frontierscience/deepseek/deepseek-v3.2_reasoning-auto_s4,deepseek/deepseek-v3.2_reasoning-auto_s4,4,True,,True,1.0,0.9827903630906074
f9fdb988-7a10-4510-a8ab-d011e663be3f,physics,frontierscience/deepseek/deepseek-v3.2_reasoning-auto,deepseek/deepseek-v3.2_reasoning-auto,0,True,,False,0.14234941040286386,0.00047509485217565677
f9fdb988-7a10-4510-a8ab-d011e663be3f,physics,frontierscience/deepseek/deepseek-v3.2_reasoning-auto_s1,deepseek/deepseek-v3.2_reasoning-auto_s1,1,True,,False,0.02214809940997838,0.00010930823403623118
f9fdb988-7a10-4510-a8ab-d011e663be3f,physics,frontierscience/deepseek/deepseek-v3.2_reasoning-auto_s2,deepseek/deepseek-v3.2_reasoning-auto_s2,2,True,,False,0.12031010506583317,0.712748334262888
f9fdb988-7a10-4510-a8ab-d011e663be3f,physics,frontierscience/deepseek/deepseek-v3.2_reasoning-auto_s3,deepseek/deepseek-v3.2_reasoning-auto_s3,3,True,,False,0.9635033794725829,0.9962902296650457
f9fdb988-7a10-4510-a8ab-d011e663be3f,physics,frontierscience/deepseek/deepseek-v3.2_reasoning-auto_s4,deepseek/deepseek-v3.2_reasoning-auto_s4,4,False,peer closed connection without sending complete message body (incomplete chunked read),False,,
fbec81f3-a103-43e1-b4a8-bb2487cc24e8,chemistry,frontierscience/deepseek/deepseek-v3.2_reasoning-auto,deepseek/deepseek-v3.2_reasoning-auto,0,True,,True,0.8691749659350106,0.9967628450548136
fbec81f3-a103-43e1-b4a8-bb2487cc24e8,chemistry,frontierscience/deepseek/deepseek-v3.2_reasoning-auto_s1,deepseek/deepseek-v3.2_reasoning-auto_s1,1,True,,True,0.1640717181435267,0.009069828463180208
fbec81f3-a103-43e1-b4a8-bb2487cc24e8,chemistry,frontierscience/deepseek/deepseek-v3.2_reasoning-auto_s2,deepseek/deepseek-v3.2_reasoning-auto_s2,2,True,,True,0.8573647507400917,0.9993626888562094
fbec81f3-a103-43e1-b4a8-bb2487cc24e8,chemistry,frontierscience/deepseek/deepseek-v3.2_reasoning-auto_s3,deepseek/deepseek-v3.2_reasoning-auto_s3,3,True,,False,0.7451367750558835,0.9301462633670969
fbec81f3-a103-43e1-b4a8-bb2487cc24e8,chemistry,frontierscience/deepseek/deepseek-v3.2_reasoning-auto_s4,deepseek/deepseek-v3.2_reasoning-auto_s4,4,True,,True,0.300712864643574,0.8926646000329411
fcbd76ad-1b45-4f40-ad9d-d2bc5016f02c,biology,frontierscience/deepseek/deepseek-v3.2_reasoning-auto,deepseek/deepseek-v3.2_reasoning-auto,0,True,,False,0.998859998672921,0.9999568027953041
fcbd76ad-1b45-4f40-ad9d-d2bc5016f02c,biology,frontierscience/deepseek/deepseek-v3.2_reasoning-auto_s1,deepseek/deepseek-v3.2_reasoning-auto_s1,1,True,,True,0.9567075964862315,0.999124030803964
fcbd76ad-1b45-4f40-ad9d-d2bc5016f02c,biology,frontierscience/deepseek/deepseek-v3.2_reasoning-auto_s2,deepseek/deepseek-v3.2_reasoning-auto_s2,2,True,,False,0.9731117716896549,0.9123635113194064
fcbd76ad-1b45-4f40-ad9d-d2bc5016f02c,biology,frontierscience/deepseek/deepseek-v3.2_reasoning-auto_s3,deepseek/deepseek-v3.2_reasoning-auto_s3,3,True,,False,0.3334078842720759,0.2218511582761343
fcbd76ad-1b45-4f40-ad9d-d2bc5016f02c,biology,frontierscience/deepseek/deepseek-v3.2_reasoning-auto_s4,deepseek/deepseek-v3.2_reasoning-auto_s4,4,True,,False,0.04231161718137583,0.08633033213180547
ff4a744b-45ac-46d9-b0ba-6461a71e278a,chemistry,frontierscience/deepseek/deepseek-v3.2_reasoning-auto,deepseek/deepseek-v3.2_reasoning-auto,0,True,,True,0.058748191114073624,0.9953252622023754
ff4a744b-45ac-46d9-b0ba-6461a71e278a,chemistry,frontierscience/deepseek/deepseek-v3.2_reasoning-auto_s1,deepseek/deepseek-v3.2_reasoning-auto_s1,1,True,,True,0.7395226423658487,0.9942117368301967
ff4a744b-45ac-46d9-b0ba-6461a71e278a,chemistry,frontierscience/deepseek/deepseek-v3.2_reasoning-auto_s2,deepseek/deepseek-v3.2_reasoning-auto_s2,2,True,,True,0.5371689964082769,0.9911945080532144
ff4a744b-45ac-46d9-b0ba-6461a71e278a,chemistry,frontierscience/deepseek/deepseek-v3.2_reasoning-auto_s3,deepseek/deepseek-v3.2_reasoning-auto_s3,3,True,,True,0.9690220674703894,0.9966600307550662
ff4a744b-45ac-46d9-b0ba-6461a71e278a,chemistry,frontierscience/deepseek/deepseek-v3.2_reasoning-auto_s4,deepseek/deepseek-v3.2_reasoning-auto_s4,4,True,,True,0.14104832641441012,0.9964431799595378
