id,fold,subject,true_type,pred_type,correct,prob_Human-Interaction Hallucination,prob_Planning Hallucination,prob_Reasoning Hallucination,prob_Retrieval Hallucination,prob_Tool-Use Hallucination
BFCL/000,1,Tool Use,Tool-Use Hallucination,Tool-Use Hallucination,1,0.0007134799854991119,0.00491598014667947,0.008973258408885142,0.00017407456628252665,0.9852232068926537
BFCL/002,3,Tool Use,Tool-Use Hallucination,Tool-Use Hallucination,1,0.08838702083583719,0.0007672793958161521,0.09407524854747557,0.01519313362910706,0.8015773175917641
BFCL/003,2,Tool Use,Tool-Use Hallucination,Tool-Use Hallucination,1,0.033719830178404415,0.03530195518818706,0.0024802537361723583,0.0018729641681402079,0.9266249967290959
BFCL/004,2,Tool Use,Tool-Use Hallucination,Tool-Use Hallucination,1,0.003988463266545309,0.08621897233099572,0.15172085653498538,0.005439160558023668,0.75263254730945
BFCL/005,2,Tool Use,Tool-Use Hallucination,Tool-Use Hallucination,1,0.0014020673544964154,0.0002474597120869289,0.00021026166991244317,0.0006014599654453405,0.9975387512980588
BFCL/006,1,Tool Use,Tool-Use Hallucination,Tool-Use Hallucination,1,0.01157608824049632,0.0016943642163925153,0.049585977529852464,0.0005250602193999577,0.9366185097938586
BFCL/008,4,Tool Use,Tool-Use Hallucination,Tool-Use Hallucination,1,0.0015098828380629102,0.00034521771155544693,0.0003597929044492429,0.009693553684856113,0.9880915528610763
BFCL/014,2,Tool Use,Tool-Use Hallucination,Tool-Use Hallucination,1,0.0022411239052573424,0.0015072308135264442,0.00014786534654081886,0.0011007938103668434,0.9950029861243086
BFCL/015,0,Tool Use,Tool-Use Hallucination,Tool-Use Hallucination,1,0.10123732365494013,0.007750603370592401,0.012762875512894735,0.046370874500661644,0.831878322960911
BFCL/016,0,Tool Use,Tool-Use Hallucination,Tool-Use Hallucination,1,0.03330770246868625,0.004261865385145868,0.005603814737867657,0.08873339072131559,0.8680932266869847
BFCL/017,0,Tool Use,Tool-Use Hallucination,Tool-Use Hallucination,1,0.0011276056730488437,4.2234160405251475e-05,0.00013225444460581058,0.0027375642324851453,0.9959603414894549
BFCL/021,1,Tool Use,Tool-Use Hallucination,Tool-Use Hallucination,1,0.00016781266237113614,0.0018004996336681252,0.0007475752055567089,0.00034130254701406044,0.99694280995139
BFCL/023,4,Tool Use,Tool-Use Hallucination,Tool-Use Hallucination,1,0.002665138772839093,0.004185051675673117,0.0016744310811137972,0.03120011240800793,0.960275266062366
BFCL/024,4,Tool Use,Tool-Use Hallucination,Tool-Use Hallucination,1,0.013817987185910478,1.3210931297742822e-05,5.718732612551901e-05,0.00014908497792957818,0.9859625295787366
BFCL/025,3,Tool Use,Tool-Use Hallucination,Planning Hallucination,0,0.1372655798668705,0.25506936120597706,0.22852624916944075,0.19323502703091536,0.18590378272679633
BFCL/027,0,Tool Use,Tool-Use Hallucination,Tool-Use Hallucination,1,0.0012943149381728183,0.0018288301485777495,9.014359394992751e-05,0.002896951224533569,0.9938897600947659
BFCL/028,3,Tool Use,Tool-Use Hallucination,Tool-Use Hallucination,1,0.0022266368328928286,0.002874450107873169,0.0005103145619514477,0.0007330336108780112,0.9936555648864045
BFCL/030,1,Tool Use,Tool-Use Hallucination,Tool-Use Hallucination,1,0.00019967093277257673,0.0010357634042838723,0.0005607346995646552,0.0003407047627748189,0.9978631262006041
BFCL/031,0,Tool Use,Tool-Use Hallucination,Reasoning Hallucination,0,0.10797827841907777,0.23123769981683154,0.42979047731526865,0.05845181498169967,0.17254172946712232
BFCL/032,1,Tool Use,Tool-Use Hallucination,Tool-Use Hallucination,1,0.0032627172823305214,0.005028895645667173,0.005185755746191541,0.00018491288322141532,0.9863377184425894
BFCL/034,4,Tool Use,Tool-Use Hallucination,Tool-Use Hallucination,1,0.0015986564405841396,3.848555709889332e-05,0.0026551436287795354,0.00037205268907689694,0.9953356616844605
BFCL/035,2,Tool Use,Tool-Use Hallucination,Tool-Use Hallucination,1,0.003637619801510656,0.0024529962555153674,0.002836618379684965,0.003503166561498661,0.9875695990017903
BFCL/037,1,Tool Use,Tool-Use Hallucination,Tool-Use Hallucination,1,0.0017925657960307943,0.0003865778346273901,6.536824117452295e-05,0.0004793354715911876,0.9972761526565762
BFCL/039,3,Tool Use,Tool-Use Hallucination,Tool-Use Hallucination,1,0.002141081186252206,0.003859248747849062,0.0004622936747477361,0.00013566350676975217,0.9934017128843813
BFCL/040,2,Tool Use,Tool-Use Hallucination,Tool-Use Hallucination,1,0.0014865606319008223,0.006759691341423703,0.006135925154180925,0.0010053088629045465,0.98461251400959
BFCL/041,4,Tool Use,Tool-Use Hallucination,Tool-Use Hallucination,1,0.0030928625214245403,0.004434035228481995,0.0010858312128576469,0.031550272449131334,0.9598369985881046
BFCL/042,0,Tool Use,Tool-Use Hallucination,Tool-Use Hallucination,1,0.00016883389210722372,0.0002566002824071958,0.001934427617493402,0.0006696441655676731,0.9969704940424244
BFCL/043,3,Tool Use,Tool-Use Hallucination,Tool-Use Hallucination,1,0.11490639199721218,0.14218368376910634,0.013475128046293984,0.0010590057435654985,0.7283757904438221
BFCL/044,1,Tool Use,Tool-Use Hallucination,Tool-Use Hallucination,1,0.001484519403689777,0.001303138884795434,0.00037285263339913947,0.0007177689222924328,0.9961217201558233
BFCL/046,0,Tool Use,Tool-Use Hallucination,Tool-Use Hallucination,1,0.0027864444322176648,0.0009456441203379132,0.017085579302944385,0.001672691170228831,0.9775096409742711
BFCL/047,4,Tool Use,Tool-Use Hallucination,Tool-Use Hallucination,1,0.000775309868561896,0.00039926114794741646,0.0002005924885960371,0.0027468051799537222,0.9958780313149409
BFCL/048,0,Tool Use,Tool-Use Hallucination,Tool-Use Hallucination,1,0.00024347204016621438,0.00048821922525145385,0.0011203099361420056,0.0005085734901242413,0.9976394253083162
BFCL/049,4,Tool Use,Tool-Use Hallucination,Tool-Use Hallucination,1,0.0008463658740934707,0.008330125730115226,0.006504473879669931,0.04642460629470599,0.9378944282214154
BFCL/051,2,Tool Use,Tool-Use Hallucination,Tool-Use Hallucination,1,0.00501264502171741,0.003506213426820787,0.0005231534803187037,0.0016541485538641707,0.989303839517279
BFCL/052,1,Tool Use,Tool-Use Hallucination,Tool-Use Hallucination,1,0.03080244775429683,0.008115002481452364,0.13714014926527449,0.20464701568479463,0.6192953848141817
BFCL/054,3,Tool Use,Tool-Use Hallucination,Tool-Use Hallucination,1,0.01767211138971657,0.021293206830823138,0.016860685880073105,0.012577856975385252,0.931596138924002
BFCL/056,0,Tool Use,Tool-Use Hallucination,Tool-Use Hallucination,1,0.00011346491169714708,0.00020260399506281392,0.002284535895052647,0.00014577903352942876,0.9972536161646579
BFCL/057,3,Tool Use,Tool-Use Hallucination,Tool-Use Hallucination,1,0.00021374313130664187,0.003382493368423846,0.0012891249363154891,0.0031748458400708123,0.9919397927238832
BFCL/058,3,Tool Use,Tool-Use Hallucination,Tool-Use Hallucination,1,0.025527319104535873,0.03441436094196642,0.0024041928520035804,0.0013857971326745292,0.9362683299688196
BFCL/059,1,Tool Use,Tool-Use Hallucination,Tool-Use Hallucination,1,9.042254975690208e-05,0.00026357737538596285,0.000119050114851573,4.32233815494729e-06,0.9995226276218506
BFCL/060,0,Tool Use,Tool-Use Hallucination,Tool-Use Hallucination,1,0.0019282205497781033,0.004607539876472922,0.010852404056729669,0.0008758971126763987,0.981735938404343
BFCL/061,4,Tool Use,Tool-Use Hallucination,Tool-Use Hallucination,1,0.0012671532406884794,0.0024000327971795974,0.05775447445147277,0.019965647871991548,0.9186126916386677
BFCL/062,1,Tool Use,Tool-Use Hallucination,Tool-Use Hallucination,1,0.001454738135212039,0.00026632422571922117,8.698140397507304e-05,0.00021569012164317366,0.9979762661134506
BFCL/063,0,Tool Use,Tool-Use Hallucination,Tool-Use Hallucination,1,0.0013411530635004637,0.0002936979569251073,0.002254954678988346,3.2183138928779295e-05,0.9960780111616573
BFCL/064,2,Tool Use,Tool-Use Hallucination,Tool-Use Hallucination,1,0.0035043438478646258,0.00011945102995638502,0.0006163543939374352,0.0021181300136011607,0.9936417207146404
BFCL/066,3,Tool Use,Tool-Use Hallucination,Retrieval Hallucination,0,0.056443780592393564,0.07831354639536962,0.21854114280509315,0.45101003337254986,0.19569149683459391
BFCL/067,1,Tool Use,Tool-Use Hallucination,Tool-Use Hallucination,1,0.0002225888395440782,6.872221823629532e-05,1.884128883895744e-05,1.3138643739170882e-05,0.9996767090096415
BFCL/069,0,Tool Use,Tool-Use Hallucination,Tool-Use Hallucination,1,0.01229359562853321,0.005739443866921566,0.0016457362418417166,0.004536304131099592,0.9757849201316039
BFCL/070,4,Tool Use,Tool-Use Hallucination,Tool-Use Hallucination,1,0.06354371792919296,0.02846173230992253,0.1244585948643847,0.028757589304618376,0.7547783655918815
BFCL/071,1,Tool Use,Tool-Use Hallucination,Tool-Use Hallucination,1,0.0056948511945181645,0.005462940356863646,0.0015509225602491027,0.0009239603286962025,0.986367325559673
BFCL/072,3,Tool Use,Tool-Use Hallucination,Tool-Use Hallucination,1,0.014745024011205058,0.18890510367129068,0.029038063829320965,0.048760416130782656,0.7185513923574007
BFCL/074,2,Tool Use,Tool-Use Hallucination,Tool-Use Hallucination,1,0.008048128022860444,4.2165714872650985e-06,0.0004526444827857748,4.714352423035256e-05,0.9914478673986361
BFCL/075,0,Tool Use,Tool-Use Hallucination,Tool-Use Hallucination,1,0.0001767393814207104,0.0002595918665059795,0.0002998150992031816,0.0002237062090366123,0.9990401474438336
BFCL/076,1,Tool Use,Tool-Use Hallucination,Tool-Use Hallucination,1,0.03679151867716123,0.0034571748548944087,0.000363190609646832,0.0004041358943329938,0.9589839799639647
BFCL/077,0,Tool Use,Tool-Use Hallucination,Tool-Use Hallucination,1,0.08710892440682215,0.007605052574680215,0.006348731760579932,0.015035089699808945,0.8839022015581087
BFCL/078,0,Tool Use,Tool-Use Hallucination,Tool-Use Hallucination,1,0.000355852625133578,0.0012364705475549887,0.0011001789199943841,0.0006060568039730292,0.9967014411033439
BFCL/080,1,Tool Use,Tool-Use Hallucination,Tool-Use Hallucination,1,0.003243703864311965,5.083359956981495e-05,0.004098949328004852,0.0010645644884678597,0.9915419487196455
BFCL/081,0,Tool Use,Tool-Use Hallucination,Tool-Use Hallucination,1,0.002348276338141568,0.0002530338764970397,0.011236713699909912,0.0035956620389679516,0.9825663140464835
BFCL/082,3,Tool Use,Tool-Use Hallucination,Tool-Use Hallucination,1,0.0003859063775461509,0.10769664430483433,0.11699757228092764,0.02770012084785183,0.7472197561888401
BFCL/083,0,Tool Use,Tool-Use Hallucination,Tool-Use Hallucination,1,0.003924693908731425,0.006475366716149017,0.0006357869140077717,0.004272859478613567,0.9846912929824981
BFCL/085,3,Tool Use,Tool-Use Hallucination,Tool-Use Hallucination,1,0.0009793433775784634,0.0008154245439534532,0.0043927465195718485,0.0045007913347090015,0.9893116942241872
BFCL/086,1,Tool Use,Tool-Use Hallucination,Tool-Use Hallucination,1,0.006697753313965144,0.0008561864847960231,0.0677471688114422,0.035438501142302695,0.889260390247494
BFCL/087,4,Tool Use,Tool-Use Hallucination,Tool-Use Hallucination,1,0.0024173805910825416,0.0006108213608280753,0.0013344331308654557,0.0003077031259734807,0.9953296617912504
BFCL/089,2,Tool Use,Tool-Use Hallucination,Tool-Use Hallucination,1,0.0014094481007197665,0.0016215260167398,0.0031875525977934542,0.00582640030032505,0.987955072984422
BFCL/091,4,Tool Use,Tool-Use Hallucination,Tool-Use Hallucination,1,0.0007800618811348266,2.755441293305209e-08,0.0066477683587131626,0.0008770369570220884,0.991695105248717
BFCL/093,2,Tool Use,Tool-Use Hallucination,Tool-Use Hallucination,1,0.0017080656089542019,0.04021527042648178,0.012531443519030735,0.0031222052455930384,0.9424230151999402
BFCL/094,2,Tool Use,Tool-Use Hallucination,Tool-Use Hallucination,1,0.0009004420544261147,0.0007267736024067556,0.0022063474990379993,0.0029959494490552252,0.993170487395074
BFCL/097,3,Tool Use,Tool-Use Hallucination,Tool-Use Hallucination,1,0.06578949599542107,0.00035165132354611115,0.009172369453067057,0.17048285617340322,0.7542036270545626
BFCL/098,2,Tool Use,Tool-Use Hallucination,Tool-Use Hallucination,1,0.0037161066282279695,0.0011330923366501958,0.09001446233996517,0.02609517442517713,0.8790411642699795
BFCL/101,3,Tool Use,Tool-Use Hallucination,Tool-Use Hallucination,1,0.005574822553508558,0.0010547401028800734,0.0005117249385510431,0.002207225504755114,0.9906514869003052
BFCL/103,2,Tool Use,Tool-Use Hallucination,Tool-Use Hallucination,1,0.0007505650232367913,1.1060189883102478e-05,0.00022486961130325058,1.486892126388276e-05,0.9989986362543128
BFCL/104,4,Tool Use,Tool-Use Hallucination,Tool-Use Hallucination,1,0.006556333968291937,0.007231672806786007,0.006108449591117291,0.00690801488070312,0.9731955287531017
BFCL/108,3,Tool Use,Tool-Use Hallucination,Tool-Use Hallucination,1,0.004688018910410987,0.028334178416705637,0.2209521792729104,0.2913444807771449,0.4546811426228281
BFCL/110,1,Tool Use,Tool-Use Hallucination,Tool-Use Hallucination,1,0.0036372128369237967,0.007148652195649828,0.02671611304081336,0.00434422714355311,0.9581537947830598
BFCL/111,2,Tool Use,Tool-Use Hallucination,Tool-Use Hallucination,1,0.00045111300151230726,0.005225688265334621,0.007091235516360537,0.0004908755329836124,0.986741087683809
BFCL/112,2,Tool Use,Tool-Use Hallucination,Tool-Use Hallucination,1,0.0035624040611442536,0.0026488528437480915,0.0074847731773506065,0.00651777168894946,0.9797861982288075
BFCL/115,4,Tool Use,Tool-Use Hallucination,Human-Interaction Hallucination,0,0.40551089424885706,0.04884092768027,0.2812934206569395,0.013296482991840521,0.2510582744220929
BFCL/117,2,Tool Use,Tool-Use Hallucination,Tool-Use Hallucination,1,0.0003282084377284476,0.0034155305869958234,0.06378292603415509,0.03448678787327337,0.8979865470678473
BFCL/118,3,Tool Use,Tool-Use Hallucination,Tool-Use Hallucination,1,0.013999255708236895,0.006968407689453346,0.004769943229470771,0.009449593302539652,0.9648128000702993
BFCL/122,1,Tool Use,Tool-Use Hallucination,Tool-Use Hallucination,1,0.00439534918687487,0.0009717639826180935,0.00019216864811543049,0.0004984750324945343,0.9939422431498972
BFCL/123,4,Tool Use,Tool-Use Hallucination,Tool-Use Hallucination,1,0.004445417568016286,0.0003435867964388098,0.00021872906017659496,0.0006693521490281413,0.9943229144263402
BFCL/126,2,Tool Use,Tool-Use Hallucination,Tool-Use Hallucination,1,0.0022987236634981947,0.0005009055875415605,0.011109721644973975,0.007904115242694895,0.9781865338612913
BFCL/129,3,Tool Use,Tool-Use Hallucination,Tool-Use Hallucination,1,0.0011158212689859745,0.0017227082201251482,0.0015220219630930362,0.008363354870173305,0.9872760936776226
BFCL/130,4,Tool Use,Tool-Use Hallucination,Tool-Use Hallucination,1,0.0016047598689961644,0.013622568269740254,0.052942253295781935,0.028878710441634165,0.9029517081238474
BFCL/131,1,Tool Use,Tool-Use Hallucination,Tool-Use Hallucination,1,0.0007071776330437281,0.0004931832652112162,0.00043717981462185624,0.0028639316104457795,0.9954985276766775
BFCL/133,1,Tool Use,Tool-Use Hallucination,Tool-Use Hallucination,1,0.0030079226260863734,0.0005930991469787005,0.0071622006462086175,2.2446782088176137e-05,0.9892143307986381
BFCL/136,0,Tool Use,Tool-Use Hallucination,Tool-Use Hallucination,1,0.012958668157560528,0.02089408530114193,0.060250607268710336,0.018384809887662924,0.8875118293849242
BFCL/138,2,Tool Use,Tool-Use Hallucination,Tool-Use Hallucination,1,0.0005023608291338734,0.01657718084873668,0.025664463963468335,0.014345154358926589,0.9429108399997346
BFCL/139,1,Tool Use,Tool-Use Hallucination,Tool-Use Hallucination,1,0.001772903574203829,0.005378673572445666,0.0036585426719089407,0.0015936876282331043,0.9875961925532084
BFCL/140,0,Tool Use,Tool-Use Hallucination,Tool-Use Hallucination,1,0.00017981610961805586,0.0001057681070902942,0.0006446777550382259,0.00011353818764275299,0.9989561998406106
BFCL/141,1,Tool Use,Tool-Use Hallucination,Tool-Use Hallucination,1,0.0005576901786505383,0.0002201347114679091,0.00015397985977997912,0.00019618694040268196,0.9988720083096989
BFCL/144,4,Tool Use,Tool-Use Hallucination,Tool-Use Hallucination,1,0.028679306053697767,0.004302823916047369,0.00830543017856004,0.08744413482566879,0.8712683050260261
BFCL/146,4,Tool Use,Tool-Use Hallucination,Tool-Use Hallucination,1,0.0006784349120008824,3.5774325828910226e-05,0.0002701285302670055,0.010620364708403867,0.9883952975234993
BFCL/148,3,Tool Use,Tool-Use Hallucination,Tool-Use Hallucination,1,0.011763884256422462,0.1698819008036605,0.003972419495901936,0.008153826023143976,0.806227969420871
BFCL/151,4,Tool Use,Tool-Use Hallucination,Tool-Use Hallucination,1,0.00017721856002549715,0.00011916264960691098,0.00025162218521399124,2.3853266049883638e-05,0.9994281433391037
BFCL/153,3,Tool Use,Tool-Use Hallucination,Tool-Use Hallucination,1,0.003795339905023052,0.06758362860189025,0.009467168695797784,0.00012690414301548848,0.9190269586542734
BFCL/155,0,Tool Use,Tool-Use Hallucination,Tool-Use Hallucination,1,0.0011309232753960556,0.0029066199723387213,0.005065807069483264,0.0009930197515293602,0.9899036299312526
BFCL/156,2,Tool Use,Tool-Use Hallucination,Tool-Use Hallucination,1,0.004103438963467553,0.0002887190499346951,0.002114485326478821,6.645575459993725e-05,0.9934269009055191
BFCL/158,3,Tool Use,Tool-Use Hallucination,Tool-Use Hallucination,1,0.0005404209519658515,0.010768361881538544,0.050853127201311306,0.005962111578839479,0.9318759783863447
BFCL/159,0,Tool Use,Tool-Use Hallucination,Tool-Use Hallucination,1,0.00522642415972187,0.007528121237271652,0.0038162195798459794,0.004688264314571705,0.9787409707085887
BFCL/160,4,Tool Use,Tool-Use Hallucination,Tool-Use Hallucination,1,0.0031015270812536637,0.00022902950141932916,0.005393416181997827,0.0015126358253796423,0.9897633914099494
BFCL/161,2,Tool Use,Tool-Use Hallucination,Tool-Use Hallucination,1,0.004827245316433846,0.0013293175857973846,0.0011602560839128688,0.0006083530731722339,0.9920748279406837
BFCL/162,4,Tool Use,Tool-Use Hallucination,Retrieval Hallucination,0,0.04866639086849684,0.221144394473524,0.16189513285685644,0.47446973019896455,0.09382435160215807
Camel/000,1,Math,Reasoning Hallucination,Planning Hallucination,0,0.005781787813779292,0.7407998912360934,0.23281611617253237,0.007452637715833481,0.01314956706176143
Camel/003,2,Math,Reasoning Hallucination,Reasoning Hallucination,1,0.12303341248671266,0.005659133589689692,0.8697166651973408,0.0006181835739462089,0.0009726051523105924
Camel/004,4,Science,Reasoning Hallucination,Tool-Use Hallucination,0,0.06698789895478742,0.04700604582592201,0.0833853296491502,0.37823002896307895,0.42439069660706136
Camel/005,3,General Assistant,Reasoning Hallucination,Tool-Use Hallucination,0,0.05070822871772934,0.08408160379944901,0.0072828328497242835,0.24285556512406967,0.6150717695090276
Camel/006,2,Science,Reasoning Hallucination,Reasoning Hallucination,1,0.2851683627363475,0.02279883167597114,0.6725988291326829,0.019433944606523947,3.1848474542539056e-08
Camel/008,2,Math,Human-Interaction Hallucination,Planning Hallucination,0,0.22320778479074274,0.6431226164615004,0.011897840638425344,0.10642664221385066,0.015345115895480791
Camel/009,3,Math,Reasoning Hallucination,Retrieval Hallucination,0,0.12958791051263052,0.22236019062569265,0.1354362748561216,0.26151653976323536,0.2510990842423199
Camel/011,1,Science,Reasoning Hallucination,Retrieval Hallucination,0,0.20927245422731552,0.10340075460508198,0.058865222860222215,0.6284595365266767,2.031780703570703e-06
Camel/012,2,General Assistant,Retrieval Hallucination,Human-Interaction Hallucination,0,0.6257683034922626,0.011978325888182978,0.2934260098274687,0.04837355598967015,0.020453804802415584
Camel/014,2,Science,Retrieval Hallucination,Human-Interaction Hallucination,0,0.7583577227200915,0.006587594023983658,0.1923934894948492,3.283192424445663e-05,0.04262836183683106
Camel/016,3,World Knowledge,Planning Hallucination,Retrieval Hallucination,0,0.04396650933541083,0.38643522404456915,0.012491115869375036,0.46764259800859176,0.08946455274205317
Camel/018,1,Science,Planning Hallucination,Human-Interaction Hallucination,0,0.6028350316782901,0.14533956666626555,0.2188933971252533,0.03292401816039626,7.986369794877636e-06
Camel/019,0,General Assistant,Reasoning Hallucination,Planning Hallucination,0,0.0795264836844203,0.4433443550271196,0.03138916719241437,0.44216667864175535,0.0035733154542902743
Camel/020,3,World Knowledge,Retrieval Hallucination,Human-Interaction Hallucination,0,0.3815509469050402,0.3005353128997768,0.21444297128362622,0.10326153260925791,0.00020923630229892787
Camel/021,1,Science,Retrieval Hallucination,Human-Interaction Hallucination,0,0.4089376227684871,0.25249375512327904,0.09221212047991938,0.24558104355166524,0.000775458076649208
Camel/022,0,General Assistant,Retrieval Hallucination,Retrieval Hallucination,1,0.1496271709393593,0.23131914546469143,0.10247278281249912,0.444309387026312,0.07227151375713814
Camel/024,1,General Assistant,Planning Hallucination,Reasoning Hallucination,0,0.29180588240302013,0.20559699212476423,0.3123275402037726,0.08427070897717673,0.1059988762912662
Camel/026,0,Math,Reasoning Hallucination,Human-Interaction Hallucination,0,0.5380328716232604,0.3074399030451728,0.11722880815587441,0.03709166587776813,0.00020675129792435936
Camel/027,4,Math,Reasoning Hallucination,Reasoning Hallucination,1,0.17463872898849725,0.05355206656966692,0.604022279521359,0.1534651176002702,0.014321807320206643
Camel/029,1,World Knowledge,Human-Interaction Hallucination,Human-Interaction Hallucination,1,0.41170370518995614,0.11728109399408125,0.30908766123775366,0.1559419115113059,0.0059856280669030116
Camel/030,1,Science,Reasoning Hallucination,Reasoning Hallucination,1,0.02119903026052195,2.3198084498446523e-05,0.9787542301660198,2.326322193520912e-05,2.7826702431690723e-07
Camel/031,1,Science,Reasoning Hallucination,Reasoning Hallucination,1,0.13080182056694056,0.2992162348452378,0.44138130962109445,0.12449560961770528,0.004105025349021796
Camel/032,3,Science,Reasoning Hallucination,Reasoning Hallucination,1,0.2497857394839486,0.047213983740964596,0.6053241501231353,0.09556919733654173,0.0021069293154098038
Camel/034,0,General Assistant,Human-Interaction Hallucination,Reasoning Hallucination,0,0.009197810181106858,0.011334151911335829,0.9325027493619759,0.00028329998107438366,0.04668198856450692
Camel/037,3,General Assistant,Human-Interaction Hallucination,Human-Interaction Hallucination,1,0.4763849513462117,0.0030348726571731983,0.11682366714861163,0.3628592141759398,0.040897294672063766
Camel/038,0,General Assistant,Human-Interaction Hallucination,Human-Interaction Hallucination,1,0.8386194032624558,0.05426237004656092,0.03256536864012339,0.07446634326431387,8.651478654598559e-05
Camel/039,1,World Knowledge,Human-Interaction Hallucination,Retrieval Hallucination,0,0.04131637306600795,0.39347326244066605,0.0755327494604868,0.4816804082944502,0.007997206738388942
Camel/044,3,World Knowledge,Human-Interaction Hallucination,Retrieval Hallucination,0,0.032865339477384084,0.061926349730113996,0.051384851759771075,0.8377354142828118,0.01608804474991903
Camel/045,0,World Knowledge,Human-Interaction Hallucination,Retrieval Hallucination,0,0.023946713192393585,0.030039912359565803,0.2946196328614318,0.6384110989397707,0.012982642646838117
Camel/046,3,World Knowledge,Human-Interaction Hallucination,Reasoning Hallucination,0,0.04472479269839651,0.17552944828432365,0.641730593305339,0.13801054491368112,4.620798259788559e-06
Camel/049,0,World Knowledge,Retrieval Hallucination,Retrieval Hallucination,1,0.07056411503878794,0.022834489084700607,0.3099145227492918,0.5886878611305034,0.007999011996716219
Camel/051,1,World Knowledge,Retrieval Hallucination,Reasoning Hallucination,0,0.3002589373220631,0.038164304160447526,0.6022052628987827,0.05927053192052297,0.00010096369818371179
Camel/052,1,Science,Human-Interaction Hallucination,Reasoning Hallucination,0,0.02624863324883943,0.013190189086669768,0.8237943818094232,0.1367353856679205,3.141018714709227e-05
Camel/053,2,Science,Human-Interaction Hallucination,Human-Interaction Hallucination,1,0.6176331616534599,0.15320365970108796,0.09816349866672365,0.13084638777452579,0.00015329220420271672
Camel/054,0,Science,Human-Interaction Hallucination,Retrieval Hallucination,0,0.15399030871661887,0.310289405508028,0.021524824958786326,0.40467403691815784,0.10952142389840876
Camel/055,3,Science,Planning Hallucination,Human-Interaction Hallucination,0,0.8034112808965544,0.024880555152391695,0.0518691793970994,0.11983738663072946,1.5979232250611584e-06
Camel/056,4,Science,Human-Interaction Hallucination,Human-Interaction Hallucination,1,0.5168359939803665,0.003978912258935104,0.3428159980799222,0.025038209783721798,0.11133088589705448
Camel/057,2,Science,Human-Interaction Hallucination,Human-Interaction Hallucination,1,0.7292581059856923,0.007440445790364772,0.013873242385928448,0.24941141503641573,1.679080159864526e-05
Camel/058,4,Science,Human-Interaction Hallucination,Reasoning Hallucination,0,0.0008464178698738077,1.5505716071672537e-05,0.9991380696805061,6.5737125446721305e-09,1.5983593588275154e-10
Camel/059,4,Science,Human-Interaction Hallucination,Human-Interaction Hallucination,1,0.8477653136082147,0.028613094459230867,0.11923934675871467,0.004366705650438146,1.553952340177203e-05
Camel/060,3,Science,Human-Interaction Hallucination,Human-Interaction Hallucination,1,0.4521053850250395,0.07989909116765934,0.10957644555617059,0.35259294387536005,0.005826134375770481
Camel/063,0,Science,Human-Interaction Hallucination,Human-Interaction Hallucination,1,0.4585897230450944,0.35631581433620685,0.13583909700643843,0.03902523504346164,0.010230130568798835
Camel/065,0,Science,Human-Interaction Hallucination,Reasoning Hallucination,0,0.18930796728069357,0.0029256230329560186,0.8070456186578313,0.0006233633337979312,9.742769472113887e-05
Camel/066,1,Science,Human-Interaction Hallucination,Human-Interaction Hallucination,1,0.8178337291606624,0.006770125202650298,0.15747852828082284,0.0014165395232818153,0.01650107783258272
Camel/067,2,Science,Human-Interaction Hallucination,Planning Hallucination,0,0.21429241229025756,0.421074844578145,0.1299484544646464,0.2344005484174163,0.0002837402495346125
Camel/070,0,Science,Human-Interaction Hallucination,Reasoning Hallucination,0,0.10273447931103796,0.00032415064503362763,0.8947663540403905,0.0021739768893056003,1.0391142323189434e-06
Camel/071,4,Science,Human-Interaction Hallucination,Human-Interaction Hallucination,1,0.9130251055928553,0.021515574835275622,0.06469174329109109,0.0005462921449677913,0.00022128413581018607
Camel/072,3,Science,Reasoning Hallucination,Human-Interaction Hallucination,0,0.798091852087528,0.012286880562256918,0.1815095707995711,0.007675964550121878,0.00043573200052216286
Camel/073,4,Science,Human-Interaction Hallucination,Reasoning Hallucination,0,0.0023169012532992996,0.005407613473859482,0.9922754270388519,5.822207747247548e-08,1.1911939168618918e-11
Camel/074,3,Science,Human-Interaction Hallucination,Reasoning Hallucination,0,0.09606307405913914,0.00483403723891106,0.896871511821065,0.0022313341062167717,4.277466799180696e-08
Camel/075,4,Science,Planning Hallucination,Planning Hallucination,1,0.06998434456003083,0.5936134397729028,0.17121562285404598,0.16371561256146597,0.001470980251554259
Camel/087,4,Math,Human-Interaction Hallucination,Reasoning Hallucination,0,0.12763524148486358,0.03393958915467615,0.8320672621688672,0.006353792842913767,4.114348679483338e-06
Camel/088,3,Math,Human-Interaction Hallucination,Retrieval Hallucination,0,0.36477697933818454,0.1060803517918171,0.10633800059438894,0.42267109858069907,0.00013356969491027962
Camel/089,3,Math,Human-Interaction Hallucination,Reasoning Hallucination,0,0.013261873988939523,0.008991509307842968,0.9764540390387685,0.0012924925753024779,8.508914657134147e-08
Camel/090,2,Math,Human-Interaction Hallucination,Planning Hallucination,0,0.006371796405858197,0.9909057889908623,0.0008313415824018763,0.0008115815587986491,0.0010794914620789135
Camel/091,3,Math,Human-Interaction Hallucination,Human-Interaction Hallucination,1,0.5166493201435038,0.11040807741513929,0.3272525035955943,0.04568251561725433,7.583228508121806e-06
Camel/092,3,Math,Human-Interaction Hallucination,Reasoning Hallucination,0,0.09044193498208432,0.11851444888892965,0.530008241983581,0.2595816799315268,0.0014536942138782811
Magentic_One/001,0,Science,Reasoning Hallucination,Reasoning Hallucination,1,0.04251366858318322,3.838899418787776e-05,0.957293163226977,0.00015454751903901776,2.316766127785297e-07
Magentic_One/002,3,Science,Reasoning Hallucination,Human-Interaction Hallucination,0,0.8208766624438667,0.004036801650450412,0.007226287071553788,0.16359199488479284,0.0042682539493364815
Magentic_One/005,0,World Knowledge,Reasoning Hallucination,Retrieval Hallucination,0,0.11706990825478386,0.22698273921073758,0.11751644674648394,0.5299267536673101,0.008504152120684432
Magentic_One/007,0,Science,Reasoning Hallucination,Human-Interaction Hallucination,0,0.6791221886113386,0.2746836822760048,0.008259106498486563,0.037934369548806204,6.530653639111948e-07
Magentic_One/008,3,General Assistant,Retrieval Hallucination,Retrieval Hallucination,1,0.029024072257498913,0.11979511561771722,0.2770448793606737,0.5684727007708258,0.005663231993284459
Magentic_One/010,2,Science,Planning Hallucination,Reasoning Hallucination,0,0.14432547351565025,0.009659968186202466,0.8450913167338377,0.0002631880400859776,0.0006600535242233894
Magentic_One/011,4,Science,Planning Hallucination,Human-Interaction Hallucination,0,0.40504785206876176,0.19631109562239196,0.13473845352850142,0.2595037730114956,0.0043988257688492354
Magentic_One/012,1,Math,Planning Hallucination,Reasoning Hallucination,0,0.0211341049847203,0.03699581893280513,0.7883845163258043,0.08091313053129774,0.0725724292253726
Magentic_One/013,0,General Assistant,Retrieval Hallucination,Planning Hallucination,0,0.01557230852238897,0.6821512780594788,0.17717282210924953,0.11324738715360602,0.01185620415527671
Magentic_One/016,0,World Knowledge,Retrieval Hallucination,Retrieval Hallucination,1,0.10057574539324654,0.395103571730936,0.03266606650827072,0.47142222310412235,0.00023239326342435298
Magentic_One/017,0,General Assistant,Reasoning Hallucination,Human-Interaction Hallucination,0,0.572562052696567,0.25399233016280837,0.05045875463941608,0.12298674089004408,1.216111644996766e-07
Magentic_One/018,3,Math,Reasoning Hallucination,Human-Interaction Hallucination,0,0.4497886686559686,0.17600817574073638,0.06786099568749872,0.3063039797787229,3.818013707333739e-05
Magentic_One/019,3,World Knowledge,Reasoning Hallucination,Planning Hallucination,0,0.02182046676509585,0.6610562443190191,0.12480370902217942,0.1912329786913517,0.001086601202353905
Magentic_One/020,2,General Assistant,Reasoning Hallucination,Retrieval Hallucination,0,0.025149396986307825,0.01808876886321579,0.24679071551351628,0.7092606964365177,0.0007104222004424319
Magentic_One/021,3,World Knowledge,Retrieval Hallucination,Retrieval Hallucination,1,0.05334869307617725,0.26473593300637077,0.03756807321486422,0.6443033388744143,4.3961828173576485e-05
Magentic_One/022,2,World Knowledge,Planning Hallucination,Retrieval Hallucination,0,0.3630745474554109,0.08842459940861869,0.05985352577205738,0.4672751577526379,0.021372169611275357
Magentic_One/023,0,Math,Reasoning Hallucination,Retrieval Hallucination,0,0.11865415991160279,0.020579127634408473,0.07854532268996202,0.7696202347290018,0.012601155035024927
Magentic_One/024,4,World Knowledge,Reasoning Hallucination,Retrieval Hallucination,0,0.006987624938850938,0.28920592056272465,0.059249307342308474,0.6341397477841402,0.010417399371975944
Magentic_One/025,4,World Knowledge,Reasoning Hallucination,Planning Hallucination,0,0.0364733271837225,0.4060106769694982,0.28881967509390966,0.26747235431149335,0.001223966441376226
Magentic_One/028,4,Science,Planning Hallucination,Reasoning Hallucination,0,0.04219722245209344,0.3341834884839828,0.620898983576983,0.002706924764116708,1.3380722823983708e-05
Magentic_One/031,2,Math,Reasoning Hallucination,Human-Interaction Hallucination,0,0.9234733111123805,0.017313850026638246,0.035255234696453114,0.021256296552547998,0.0027013076119801077
Magentic_One/032,0,Math,Planning Hallucination,Planning Hallucination,1,0.1347956822579881,0.5600002034596613,0.13425992759773406,0.15950331833701697,0.011440868347599694
Magentic_One/034,2,World Knowledge,Retrieval Hallucination,Planning Hallucination,0,0.2619380633186147,0.5120702406340865,0.16525599602718563,0.05806153068415055,0.002674169335962669
Magentic_One/035,1,World Knowledge,Reasoning Hallucination,Planning Hallucination,0,0.00861792601606384,0.7919988462091785,0.12351768565154173,0.0741765420502777,0.001689000072938309
Magentic_One/037,4,World Knowledge,Retrieval Hallucination,Planning Hallucination,0,0.12238478615353152,0.4535859538588116,0.33997775930970564,0.08269049178402124,0.001361008893930069
Magentic_One/038,4,World Knowledge,Reasoning Hallucination,Reasoning Hallucination,1,0.011779902740165521,0.002657226613247463,0.6412655399016939,0.29191842312866817,0.052378907616225115
Magentic_One/041,0,World Knowledge,Reasoning Hallucination,Human-Interaction Hallucination,0,0.4981393985023227,0.2625919559791581,0.14534301988229498,0.09391142390972979,1.4201726494344806e-05
Magentic_One/042,2,World Knowledge,Reasoning Hallucination,Retrieval Hallucination,0,0.08192496128115502,0.06525439145651013,0.12322667710420875,0.7282746035911074,0.001319366567018841
Magentic_One/043,4,Math,Reasoning Hallucination,Retrieval Hallucination,0,0.00198520879939515,0.0009569133951179017,0.048185242547365184,0.9142907579048322,0.03458187735328959
Magentic_One/045,3,Science,Reasoning Hallucination,Planning Hallucination,0,0.25614164684623947,0.41332031619979587,0.13682009155767103,0.1934220431176959,0.00029590227859771517
Magentic_One/046,4,Science,Planning Hallucination,Human-Interaction Hallucination,0,0.5179918756755694,0.03764121162071359,0.3811120480401452,0.06325319358438078,1.6710791909588221e-06
Magentic_One/047,3,Science,Planning Hallucination,Planning Hallucination,1,0.15032871974304532,0.8085747867807482,0.036822492733250306,0.004167407591695288,0.00010659315126090009
Magentic_One/051,4,General Assistant,Reasoning Hallucination,Human-Interaction Hallucination,0,0.7697451395559481,0.10280955359438769,0.12219973121111805,0.0024862650615761444,0.002759310576970075
Magentic_One/052,2,General Assistant,Reasoning Hallucination,Reasoning Hallucination,1,0.025045123415629932,0.03930179574578492,0.910209317708724,0.02475134924330378,0.0006924138865572426
Magentic_One/054,3,General Assistant,Reasoning Hallucination,Planning Hallucination,0,0.0005924323596845693,0.9920888836112057,0.005637118883989732,0.0016653625188356221,1.620262628407368e-05
Magentic_One/058,2,General Assistant,Planning Hallucination,Planning Hallucination,1,0.05161745057000221,0.8542218164650729,0.07005051341936246,0.022651787589609826,0.001458431955952521
Magentic_One/059,0,General Assistant,Reasoning Hallucination,Human-Interaction Hallucination,0,0.556823411452153,0.04635593178452328,0.2922145606795248,0.0929149142049213,0.011691181878877821
Magentic_One/061,0,General Assistant,Planning Hallucination,Reasoning Hallucination,0,0.002549948942984889,0.0026089553464064626,0.8101783980828643,0.18466041626207338,2.2813656709215884e-06
Magentic_One/069,4,World Knowledge,Retrieval Hallucination,Human-Interaction Hallucination,0,0.5985391882448533,0.08064719947299903,0.16918804921682257,0.14348115990569876,0.00814440315962626
Magentic_One/071,4,World Knowledge,Retrieval Hallucination,Planning Hallucination,0,0.09432252165024639,0.4505561503118301,0.08237508148149292,0.37253775960336927,0.00020848695306125643
Magentic_One/073,3,Science,Planning Hallucination,Human-Interaction Hallucination,0,0.658421563071056,0.08412239580041785,0.1613214760579129,0.09567245011323657,0.0004621149573766677
Magentic_One/074,4,Science,Planning Hallucination,Reasoning Hallucination,0,0.12701643058049394,0.07746042892779484,0.7807213834816535,0.006324592468404344,0.008477164541653318
Magentic_One/075,2,Science,Reasoning Hallucination,Human-Interaction Hallucination,0,0.5946663858299623,0.01565097260436008,0.3878919466532438,0.0005061969841709132,0.0012844979282629408
Magentic_One/076,4,Science,Reasoning Hallucination,Retrieval Hallucination,0,0.06443045324118717,0.04758729781961425,0.11452464070113412,0.7375371346188309,0.035920473619233534
Magentic_One/078,1,Science,Planning Hallucination,Planning Hallucination,1,0.11358434540651617,0.5014738014598635,0.37512579754983894,0.007905650018087759,0.0019104055656936126
Magentic_One/079,4,Science,Planning Hallucination,Human-Interaction Hallucination,0,0.7827360798788712,0.13592616324591525,0.06879213588168716,0.01254375111639195,1.869877134383621e-06
Magentic_One/084,3,Science,Planning Hallucination,Human-Interaction Hallucination,0,0.8902131523502476,0.0015891616951493176,0.006752228488106419,0.10123227581272562,0.00021318165377097535
Magentic_One/087,4,Math,Planning Hallucination,Retrieval Hallucination,0,0.012590942582970515,0.1474422892090522,0.14110175292019747,0.6902079295123474,0.00865708577543232
Magentic_One/088,0,Math,Planning Hallucination,Retrieval Hallucination,0,0.18343601205172003,0.15902526275579443,0.17983149711981083,0.4771435358057147,0.0005636922669600742
Magentic_One/089,3,Math,Reasoning Hallucination,Retrieval Hallucination,0,0.00654472745466979,0.030310213265520962,0.02738177023867995,0.9354001001689796,0.0003631888721497961
Magentic_One/090,0,Math,Planning Hallucination,Retrieval Hallucination,0,0.22211251311887745,0.04096713166166849,0.1717666499199824,0.5450277236757918,0.020125981623679793
Magentic_One/091,2,Math,Planning Hallucination,Reasoning Hallucination,0,0.3018740328936366,0.06879905439879791,0.578207550756636,0.05111372367618413,5.638274745423966e-06
Magentic_One/092,2,Math,Planning Hallucination,Retrieval Hallucination,0,0.3504460032143542,0.1282847552380534,0.08831924988353579,0.43173864392396133,0.0012113477400951926
Magentic_One/093,3,Math,Reasoning Hallucination,Human-Interaction Hallucination,0,0.8759394832125297,0.00033455462721846183,0.06861158052686601,0.0017094845635609252,0.053404897069824785
Octotools/002,4,Math,Reasoning Hallucination,Reasoning Hallucination,1,1.7489621018158615e-05,1.0187133565671232e-08,0.9999824880113171,1.2177063163824762e-08,3.4679985298749677e-12
Octotools/005,2,Science,Reasoning Hallucination,Reasoning Hallucination,1,0.04063591143883965,0.3247599921442084,0.6344438831832926,0.0001405949712080153,1.961826245128516e-05
Octotools/006,0,World Knowledge,Retrieval Hallucination,Reasoning Hallucination,0,0.1056620561411651,0.10809301411295316,0.5487477534892582,0.23749469657718256,2.479679440896371e-06
Octotools/008,2,General Assistant,Reasoning Hallucination,Human-Interaction Hallucination,0,0.5249415805276447,6.578363053844036e-06,0.47494023767324695,0.00010730823958102312,4.295196473517545e-06
Octotools/009,3,Science,Reasoning Hallucination,Human-Interaction Hallucination,0,0.9868599900544005,0.0030769036024279163,0.009054000622527474,0.0010091038286489434,1.8919951191065306e-09
Octotools/010,4,Science,Reasoning Hallucination,Human-Interaction Hallucination,0,0.8761190702857531,0.0011739767970193684,0.07779932147453884,0.044906824554356455,8.068883320145988e-07
Octotools/011,2,General Assistant,Reasoning Hallucination,Human-Interaction Hallucination,0,0.6369414915559284,0.05980375051053326,0.2965529028465381,0.006701844700824697,1.0386175562638115e-08
Octotools/012,3,Math,Reasoning Hallucination,Reasoning Hallucination,1,0.1799091588889628,0.004211544642313679,0.8085840758029106,0.007295148271400607,7.239441239883942e-08
Octotools/014,0,Science,Planning Hallucination,Human-Interaction Hallucination,0,0.9714032698080048,0.01780607611483377,0.007020077108147942,0.0037705768819159156,8.70976746265578e-11
Octotools/015,4,World Knowledge,Reasoning Hallucination,Reasoning Hallucination,1,0.06327916645200803,0.19558750256253757,0.6920102501901056,0.04911854050943181,4.540285917008794e-06
Octotools/017,4,Math,Reasoning Hallucination,Retrieval Hallucination,0,0.09598924523453259,0.004360766682954842,0.37485261958487226,0.5247939615224615,3.4069751786877604e-06
Octotools/018,1,General Assistant,Reasoning Hallucination,Reasoning Hallucination,1,0.1473512620199673,0.007864321467112544,0.8442662237726163,0.000517898545897727,2.941944060477342e-07
Octotools/019,1,Science,Reasoning Hallucination,Human-Interaction Hallucination,0,0.7278392923956755,0.10171269004895238,0.1700864707432636,0.0003582874289117227,3.25938319677529e-06
Octotools/021,2,Science,Reasoning Hallucination,Human-Interaction Hallucination,0,0.6286703676589214,0.03311988013132615,0.16032168455181192,0.17788691905700585,1.1486009348343943e-06
Octotools/022,0,Math,Reasoning Hallucination,Reasoning Hallucination,1,0.3016573203789867,0.07100807282971859,0.6255653681921984,0.001767918917127662,1.3196819686866143e-06
Octotools/023,1,World Knowledge,Reasoning Hallucination,Human-Interaction Hallucination,0,0.6919762792511357,0.0006006591954084889,0.2948110775457147,0.01261160475414306,3.792535980318234e-07
Octotools/024,0,World Knowledge,Reasoning Hallucination,Human-Interaction Hallucination,0,0.35795932654698714,0.07651312136720757,0.29427590516420815,0.27121954648309426,3.210043850276e-05
Octotools/025,0,World Knowledge,Retrieval Hallucination,Reasoning Hallucination,0,0.2745129475951029,0.16569978873160424,0.5284689065147539,0.031318232392898694,1.247656401856453e-07
Octotools/026,3,World Knowledge,Retrieval Hallucination,Reasoning Hallucination,0,0.001459477877248018,0.0091373277056572,0.9545611672917763,0.03483508898340546,6.9381419131112955e-06
Octotools/027,4,World Knowledge,Retrieval Hallucination,Human-Interaction Hallucination,0,0.47101156087217455,0.3203380493726135,0.11541630500223503,0.09322279922446332,1.1285528513584496e-05
Octotools/029,3,Math,Reasoning Hallucination,Human-Interaction Hallucination,0,0.46169776573895827,0.31515343311360916,0.2229801221009434,0.00016853982644052313,1.3922004873864011e-07
Octotools/030,4,Math,Reasoning Hallucination,Reasoning Hallucination,1,0.15123921059662868,0.00046214497337980525,0.8482983900988441,2.5380449243815765e-07,5.266550292060051e-10
Octotools/031,2,Math,Reasoning Hallucination,Reasoning Hallucination,1,0.06309011458946732,0.000601380344588318,0.9363039918395367,4.378193163981476e-06,1.3503324358982363e-07
Octotools/033,2,Science,Reasoning Hallucination,Reasoning Hallucination,1,0.15426562037994263,0.025206088726654287,0.8127817681449555,0.007746455069615966,6.767883165089624e-08
Octotools/034,0,Science,Reasoning Hallucination,Reasoning Hallucination,1,7.94380886763912e-05,2.2042277215364154e-07,0.9999203401394308,1.3475853198323985e-09,1.535337915554477e-12
Octotools/035,2,Science,Reasoning Hallucination,Human-Interaction Hallucination,0,0.7400511510931331,0.0027616736714330624,0.2571871325941518,4.0799147268704775e-08,1.8421347286385671e-09
Octotools/039,2,World Knowledge,Reasoning Hallucination,Reasoning Hallucination,1,0.11912244344243483,0.004248459794192068,0.876253899446784,0.0003749490107291074,2.483058599338363e-07
Octotools/043,4,Math,Reasoning Hallucination,Reasoning Hallucination,1,0.2810530142615666,0.05781660245557654,0.6236490282992241,0.037480464395215234,8.90588417581806e-07
Octotools/044,1,Math,Reasoning Hallucination,Reasoning Hallucination,1,0.042575930536185795,0.05951244235844969,0.8611757550662225,0.03673585801838357,1.4020758337372754e-08
Octotools/046,4,Math,Reasoning Hallucination,Reasoning Hallucination,1,0.02410639577587855,0.34820827820658484,0.6250507486861284,0.0026345635249531043,1.3806454993913642e-08
OpenDeepSearch/000,0,General Assistant,Retrieval Hallucination,Reasoning Hallucination,0,0.0956117969189156,0.09027494482520142,0.42910812811098853,0.3833932206774007,0.0016119094674937845
OpenDeepSearch/001,0,Science,Planning Hallucination,Reasoning Hallucination,0,0.25152746696381056,0.2345360598519837,0.42035487319814924,0.09358157289593856,2.7090117872367402e-08
OpenDeepSearch/003,2,World Knowledge,Reasoning Hallucination,Planning Hallucination,0,0.22495726277981518,0.5527149389552318,0.11100336270731627,0.10828065419392194,0.003043781363714725
OpenDeepSearch/004,4,World Knowledge,Retrieval Hallucination,Retrieval Hallucination,1,0.014957088526800676,0.19396052062350913,0.1630727245595336,0.6259021353237972,0.0021075309663592164
OpenDeepSearch/005,1,Science,Retrieval Hallucination,Planning Hallucination,0,0.0869495351341301,0.7655794448477916,0.08664869306798441,0.06045400960828944,0.0003683173418042799
OpenDeepSearch/006,1,General Assistant,Retrieval Hallucination,Retrieval Hallucination,1,0.04530683795858755,0.158947705923322,0.1583154860398919,0.634920346521022,0.0025096235571765565
OpenDeepSearch/007,4,Science,Retrieval Hallucination,Retrieval Hallucination,1,0.02848172488581131,0.3932639802435639,0.09140183369932196,0.48602718668145606,0.0008252744898465759
OpenDeepSearch/010,3,Science,Planning Hallucination,Retrieval Hallucination,0,0.033851484145237525,0.3157838691143914,0.2236599926800239,0.42658490467210797,0.00011974938823916729
OpenDeepSearch/011,1,Math,Retrieval Hallucination,Planning Hallucination,0,0.11542577301699081,0.4649118329144582,0.26543599175634525,0.15417577042240285,5.063188980277725e-05
OpenDeepSearch/012,4,Math,Reasoning Hallucination,Planning Hallucination,0,0.08783141579757188,0.32990320753372654,0.2177970387881518,0.12518831722726675,0.23928002065328297
OpenDeepSearch/013,2,General Assistant,Retrieval Hallucination,Retrieval Hallucination,1,0.20290321439112755,0.09782971992855884,0.0687018637192987,0.6297219163951547,0.0008432855658601761
OpenDeepSearch/015,2,General Assistant,Reasoning Hallucination,Planning Hallucination,0,0.027087377236272893,0.6700555195789489,0.08867702140937782,0.21416551844000362,1.4563335396882257e-05
OpenDeepSearch/016,1,Science,Planning Hallucination,Planning Hallucination,1,0.10189749578388842,0.3380520798245813,0.31668856110256993,0.23740544260121105,0.005956420687749392
OpenDeepSearch/017,4,General Assistant,Planning Hallucination,Planning Hallucination,1,0.011620748310062172,0.5169429980411858,0.06996502934540731,0.4014557393456648,1.5484957679904443e-05
OpenDeepSearch/018,2,Science,Planning Hallucination,Planning Hallucination,1,0.050708294809647794,0.5076284897077742,0.18074158670917384,0.26068330159073055,0.00023832718267341617
OpenDeepSearch/019,0,General Assistant,Retrieval Hallucination,Reasoning Hallucination,0,0.09377028094498221,0.19386950878428724,0.4235681348006345,0.28879145185168764,6.236184084657628e-07
OpenDeepSearch/020,1,General Assistant,Reasoning Hallucination,Tool-Use Hallucination,0,0.002552122911038983,0.0006838202705654599,0.022897532493969617,0.08247729466066225,0.8913892296637637
OpenDeepSearch/021,0,Science,Reasoning Hallucination,Reasoning Hallucination,1,0.06310232449553585,0.21407018471248176,0.49152063560167825,0.2107818637554441,0.020524991434859988
OpenDeepSearch/023,1,Math,Reasoning Hallucination,Retrieval Hallucination,0,0.16607232120729634,0.08152411190646865,0.13379664365239086,0.6078313711415578,0.010775552092286207
OpenDeepSearch/025,1,Science,Reasoning Hallucination,Planning Hallucination,0,0.1115278250928806,0.6384071158366329,0.22083026631562921,0.029144167014716803,9.0625740140422e-05
OpenDeepSearch/026,1,General Assistant,Reasoning Hallucination,Human-Interaction Hallucination,0,0.3843398082959505,0.09020334422747016,0.15930751484316077,0.36492118324262884,0.0012281493907897265
OpenDeepSearch/027,2,World Knowledge,Retrieval Hallucination,Planning Hallucination,0,0.1682510757438546,0.6426634002204678,0.034355756646139095,0.1547251051956756,4.662193863025073e-06
OpenDeepSearch/029,3,Math,Retrieval Hallucination,Reasoning Hallucination,0,0.047272881645092385,0.2691299526610205,0.5233726328442317,0.15921291452552622,0.0010116183241292227
OpenDeepSearch/030,3,Math,Reasoning Hallucination,Planning Hallucination,0,0.1011111316666878,0.34108948557769364,0.33775355739384194,0.22002445487890612,2.1370482870460133e-05
OpenDeepSearch/031,4,Math,Reasoning Hallucination,Planning Hallucination,0,0.04758370839823243,0.6863042813201233,0.08533659056427559,0.1720555562638593,0.008719863453509412
OpenDeepSearch/032,0,Math,Reasoning Hallucination,Planning Hallucination,0,0.0947762164751504,0.39335196313524445,0.19239330613520383,0.30563684371919203,0.01384167053520927
OpenDeepSearch/033,2,Math,Reasoning Hallucination,Planning Hallucination,0,0.09791777170917386,0.4145471254372637,0.1339150408325092,0.34821108363064424,0.005408978390409095
OpenDeepSearch/034,0,World Knowledge,Retrieval Hallucination,Retrieval Hallucination,1,0.02082181160802907,0.16357567016111965,0.19637076411570403,0.6166028899456055,0.0026288641695417394
OpenDeepSearch/035,3,World Knowledge,Retrieval Hallucination,Planning Hallucination,0,0.20277207528733848,0.3587038659909575,0.08896947544609156,0.3195942942676649,0.029960289007947703
OpenDeepSearch/039,4,World Knowledge,Retrieval Hallucination,Planning Hallucination,0,0.11549284046154223,0.45194379633235954,0.21713145417814353,0.21501042643412568,0.0004214825938291572
OpenDeepSearch/041,2,World Knowledge,Reasoning Hallucination,Planning Hallucination,0,0.03428130358984341,0.6175117352677231,0.07176880883387526,0.2761009238057058,0.00033722850285246444
OpenDeepSearch/042,1,World Knowledge,Retrieval Hallucination,Planning Hallucination,0,0.03258950531873994,0.5571882197910489,0.15882620579242568,0.2511867656383136,0.00020930345947177057
OpenDeepSearch/043,2,World Knowledge,Retrieval Hallucination,Planning Hallucination,0,0.10147948894407963,0.5106730773086057,0.025552925169247714,0.3620875187126493,0.00020698986541763602
OpenDeepSearch/045,2,World Knowledge,Retrieval Hallucination,Planning Hallucination,0,0.03657037426375902,0.6103288454470475,0.15349224119435873,0.19213188742706203,0.007476651667772727
OpenDeepSearch/046,3,World Knowledge,Retrieval Hallucination,Planning Hallucination,0,0.05492622958997456,0.5078434929129304,0.22273824682747176,0.18296035149858977,0.03153167917103357
OpenDeepSearch/047,2,Math,Reasoning Hallucination,Retrieval Hallucination,0,0.17110240108316757,0.031292305153018125,0.29289582881343157,0.5034454003611976,0.0012640645891852636
OpenDeepSearch/061,4,World Knowledge,Retrieval Hallucination,Planning Hallucination,0,0.052185127918812586,0.5499216568431433,0.37031490816059837,0.027559398486772482,1.8908590673224443e-05
OpenDeepSearch/063,0,World Knowledge,Retrieval Hallucination,Reasoning Hallucination,0,0.2360961615595535,0.2923506484506312,0.3931949448589002,0.07835783461970003,4.105112148049401e-07
OpenDeepSearch/067,1,World Knowledge,Retrieval Hallucination,Human-Interaction Hallucination,0,0.5117264952132717,0.24039153958185625,0.11299604123417964,0.13334572500655498,0.0015401989641373628
OpenDeepSearch/069,0,World Knowledge,Retrieval Hallucination,Reasoning Hallucination,0,0.12800446122229414,0.26080987371615194,0.3467322502620234,0.2644053120241986,4.810277533209099e-05
OpenDeepSearch/070,2,World Knowledge,Retrieval Hallucination,Retrieval Hallucination,1,0.03317662130707164,0.07157754234415088,0.33591484656000603,0.5351458878507489,0.024185101938022528
OpenDeepSearch/074,3,World Knowledge,Reasoning Hallucination,Reasoning Hallucination,1,0.027146801588976824,0.0859905537160481,0.7396112867717615,0.0922477024750449,0.05500365544816873
OpenDeepSearch/076,4,World Knowledge,Planning Hallucination,Retrieval Hallucination,0,0.12508643228617006,0.2806666442110255,0.051537316710226544,0.5370253012310495,0.005684305561528428
OpenDeepSearch/078,4,World Knowledge,Planning Hallucination,Retrieval Hallucination,0,0.22323134601815253,0.13436241513579456,0.06151688687058461,0.5742200015215181,0.006669350453950261
OpenDeepSearch/079,4,World Knowledge,Planning Hallucination,Retrieval Hallucination,0,0.20958884130246894,0.28422600169764584,0.11616173450732203,0.3784360306297369,0.011587391862826205
OpenDeepSearch/080,1,World Knowledge,Planning Hallucination,Retrieval Hallucination,0,0.07449190962417536,0.41668568600862205,0.08367955770669475,0.4239224283311811,0.0012204183293268078
OpenDeepSearch/081,1,World Knowledge,Retrieval Hallucination,Retrieval Hallucination,1,0.04801257987027677,0.3886074732284154,0.13626730819782798,0.4271084910414397,4.14766204014195e-06
OpenDeepSearch/082,1,World Knowledge,Reasoning Hallucination,Retrieval Hallucination,0,0.10587512572904928,0.19193550718968427,0.14456445697404466,0.5574377744211505,0.00018713568607122018
OpenDeepSearch/086,3,World Knowledge,Retrieval Hallucination,Retrieval Hallucination,1,0.03419931953925424,0.33629891667832923,0.1868705082616666,0.442049850698703,0.000581404822046904
OpenDeepSearch/087,3,World Knowledge,Retrieval Hallucination,Retrieval Hallucination,1,0.16479819383014044,0.3047073123526982,0.12963573417809773,0.3577657881856908,0.04309297145337272
OpenDeepSearch/088,4,Science,Planning Hallucination,Retrieval Hallucination,0,0.3842322688671264,0.1392606939300681,0.03180152539901644,0.441531379093037,0.0031741327107521976
OpenDeepSearch/089,2,Science,Planning Hallucination,Retrieval Hallucination,0,0.14369168935040155,0.286747804277764,0.059755490201637444,0.5089834455061215,0.0008215706640755088
OpenDeepSearch/090,0,Science,Planning Hallucination,Reasoning Hallucination,0,0.1307251412217653,0.008646935124981965,0.860506564797672,0.00012082239574819012,5.364598324728488e-07
OpenDeepSearch/091,2,Science,Planning Hallucination,Reasoning Hallucination,0,0.3425820630222199,0.22343520144660886,0.3971185203325015,0.03684855272563419,1.5662473035632542e-05
OpenDeepSearch/095,0,Math,Reasoning Hallucination,Planning Hallucination,0,0.06692942190771198,0.5507884352531648,0.07545107468429162,0.30457815323623844,0.0022529149185930783
OpenDeepSearch/096,2,Math,Planning Hallucination,Reasoning Hallucination,0,0.03298481457195125,0.25528750686957713,0.44138196915695527,0.2694242020698364,0.0009215073316799771
OpenDeepSearch/097,1,Math,Planning Hallucination,Retrieval Hallucination,0,0.03762304420852179,0.3077886055980778,0.1403412337897907,0.5127501193762073,0.0014969970274022874
OpenDeepSearch/098,1,Math,Planning Hallucination,Planning Hallucination,1,0.030917359094272564,0.5883785443670505,0.061705603643580964,0.3189737131863187,2.477970877734983e-05
OpenManus/002,4,General Assistant,Retrieval Hallucination,Retrieval Hallucination,1,0.011469275320336609,0.02713204959486041,0.008938118299775893,0.9522976403709156,0.00016291641411132236
OpenManus/003,3,Science,Reasoning Hallucination,Reasoning Hallucination,1,0.08609802392766533,0.011347102974303155,0.8103732114515507,0.09218133837727302,3.2326920781493944e-07
OpenManus/004,0,Math,Reasoning Hallucination,Reasoning Hallucination,1,0.06759471394944107,0.009168992494525807,0.8743584732574519,0.048877499773540514,3.2052504092269547e-07
OpenManus/005,2,World Knowledge,Retrieval Hallucination,Human-Interaction Hallucination,0,0.604310275900514,0.0008637952510927481,0.38212982597244627,2.2168008109918402e-05,0.012673934867837083
OpenManus/006,1,General Assistant,Reasoning Hallucination,Reasoning Hallucination,1,0.18483610728453853,0.008758213125310051,0.7578720464694129,0.04850834732037587,2.528580036271968e-05
OpenManus/007,4,World Knowledge,Retrieval Hallucination,Retrieval Hallucination,1,0.06085483793708296,0.024531859988743174,0.10657504225499347,0.7966811865700503,0.011357073249130161
OpenManus/009,1,World Knowledge,Retrieval Hallucination,Human-Interaction Hallucination,0,0.5964924339100394,0.006348504640521037,0.0051134779310320535,0.1205199709673803,0.27152561255102725
OpenManus/010,0,Math,Reasoning Hallucination,Reasoning Hallucination,1,0.03956872611507651,0.006777805846474265,0.5795046852851018,0.3736551572425423,0.0004936255108052599
OpenManus/011,0,Science,Human-Interaction Hallucination,Human-Interaction Hallucination,1,0.685764298341793,0.03661210576774713,0.2693782206048241,0.00824528723614039,8.804949534634102e-08
OpenManus/013,4,Science,Reasoning Hallucination,Retrieval Hallucination,0,0.013884746470882083,0.04138394189596329,0.016580320769949492,0.927783156065356,0.00036783479784911164
OpenManus/014,2,World Knowledge,Human-Interaction Hallucination,Planning Hallucination,0,0.06004466862464714,0.8207822093478188,0.02626775237141147,0.05986070353111873,0.03304466612500387
OpenManus/015,4,World Knowledge,Retrieval Hallucination,Retrieval Hallucination,1,0.027375379255005352,0.008018625664693323,0.036494581203774024,0.9280801944735196,3.121940300772591e-05
OpenManus/017,0,Math,Reasoning Hallucination,Reasoning Hallucination,1,0.3241050358138152,4.31891086049252e-05,0.6758513122849262,3.8335723058268124e-07,7.943542290175222e-08
OpenManus/018,2,Math,Human-Interaction Hallucination,Planning Hallucination,0,0.334514222365333,0.4090250424154069,0.2523571978541353,0.004102335141158744,1.2022239661155169e-06
OpenManus/019,0,Math,Reasoning Hallucination,Human-Interaction Hallucination,0,0.5665118063266777,0.008784498872209034,0.42451121718899,0.00019060147792044095,1.8761342028293758e-06
OpenManus/020,3,Math,Reasoning Hallucination,Reasoning Hallucination,1,0.3671386579066731,0.1207746074711885,0.3964236191597635,0.11520453193151214,0.0004585835308625248
OpenManus/021,1,Math,Reasoning Hallucination,Planning Hallucination,0,0.07195256550522064,0.868608992769392,0.05930206005008637,0.00011944540876165155,1.6936266539240395e-05
OpenManus/022,2,Math,Reasoning Hallucination,Reasoning Hallucination,1,0.20332409199072946,0.32971373776755486,0.46616865348888925,0.0007918987982366202,1.6179545898229913e-06
OpenManus/023,4,Math,Reasoning Hallucination,Reasoning Hallucination,1,0.13386223923825166,0.03313122997744979,0.6804111493821017,0.15259528748495652,9.391724031842487e-08
OpenManus/025,2,World Knowledge,Retrieval Hallucination,Human-Interaction Hallucination,0,0.5460743105503154,0.004148627598030875,0.10051111397818804,0.34772378733423925,0.0015421605392264056
OpenManus/026,1,World Knowledge,Human-Interaction Hallucination,Planning Hallucination,0,0.013789593091927062,0.42223736079610774,0.19115012967413303,0.3700404928468369,0.002782423590995237
OpenManus/027,1,World Knowledge,Human-Interaction Hallucination,Retrieval Hallucination,0,0.02565819577634769,0.3330411455399874,0.11795544630411811,0.5194654730822762,0.0038797392972705386
OpenManus/029,3,World Knowledge,Retrieval Hallucination,Retrieval Hallucination,1,0.3369232553046481,0.2418419531697094,0.032757542265697846,0.3858008624856095,0.0026763867743351496
OpenManus/030,1,World Knowledge,Human-Interaction Hallucination,Planning Hallucination,0,0.24704276374034034,0.42757314161393767,0.019415706890157695,0.2070623484939141,0.09890603926165013
OpenManus/031,4,World Knowledge,Human-Interaction Hallucination,Retrieval Hallucination,0,0.05873135336144115,0.09190178984810932,0.05005723685351294,0.7484605704241482,0.050849049512788486
OpenManus/032,4,World Knowledge,Retrieval Hallucination,Human-Interaction Hallucination,0,0.6548149870086983,0.018093507504850868,0.016387139454531022,0.3102478948646841,0.00045647116723579554
OpenManus/033,1,World Knowledge,Retrieval Hallucination,Human-Interaction Hallucination,0,0.6716840088862729,0.07052565429934425,0.021052238161556845,0.17997061515152493,0.05676748350130109
OpenManus/036,3,Science,Reasoning Hallucination,Reasoning Hallucination,1,0.059797551123811236,0.050813954675458545,0.8890723485730808,0.0002758185887761584,4.0327038873338375e-05
OpenManus/038,3,Science,Reasoning Hallucination,Human-Interaction Hallucination,0,0.7869505660156624,0.000551755816213272,0.14763945615395305,0.06485818718889814,3.482527309954082e-08
OpenManus/039,1,Science,Reasoning Hallucination,Human-Interaction Hallucination,0,0.6310323450819737,0.06672883570633882,0.01818140768269036,0.28405636506740856,1.0464615886791754e-06
OpenManus/040,1,Science,Reasoning Hallucination,Planning Hallucination,0,0.26967533103538993,0.5880422990071266,0.07839836622389212,0.06372024276620408,0.000163760967387415
OpenManus/041,3,Science,Reasoning Hallucination,Planning Hallucination,0,0.008362332463720252,0.5313221648354634,0.45035776232760216,0.009956861977860401,8.783953538768133e-07
OpenManus/043,2,Science,Reasoning Hallucination,Reasoning Hallucination,1,0.3477457488390884,0.0680809601778655,0.3955290775669673,0.18862023671329733,2.397670278141889e-05
OpenManus/044,0,Science,Human-Interaction Hallucination,Reasoning Hallucination,0,0.10446443782716773,0.1571446102959697,0.7251675764097235,0.013218068818221398,5.306648917750465e-06
OpenManus/045,0,Science,Reasoning Hallucination,Human-Interaction Hallucination,0,0.6421943899387551,0.0025968570022307075,0.26911938517713146,0.08502287079747527,0.0010664970844073054
OpenManus/046,2,Science,Human-Interaction Hallucination,Reasoning Hallucination,0,0.27851777927258,0.016162534857382796,0.5539874550151345,0.15133129248031124,9.383745915869983e-07
OpenManus/047,2,World Knowledge,Retrieval Hallucination,Reasoning Hallucination,0,0.19702209353998082,0.26509125112348736,0.26526408305362714,0.2545515159465294,0.01807105633637534
OpenManus/050,3,World Knowledge,Retrieval Hallucination,Reasoning Hallucination,0,0.08347771538513388,0.0869346715460585,0.3728066816472888,0.18372266951890667,0.27305826190261223
OpenManus/052,1,World Knowledge,Human-Interaction Hallucination,Retrieval Hallucination,0,0.12230429425079896,0.20932891749418175,0.1979758345628684,0.4643175834768638,0.006073370215287119
OpenManus/053,2,World Knowledge,Human-Interaction Hallucination,Human-Interaction Hallucination,1,0.5687588981967989,0.04369578354963329,0.01573004758493921,0.3645087668574417,0.007306503811186826
OpenManus/054,3,World Knowledge,Retrieval Hallucination,Human-Interaction Hallucination,0,0.520143554367797,0.23577864475640092,0.13467881710373508,0.1082722001935848,0.0011267835784822702
OpenManus/055,1,World Knowledge,Retrieval Hallucination,Human-Interaction Hallucination,0,0.5541270569240418,0.04076963477517723,0.08502209143600101,0.29897184537103383,0.02110937149374603
OpenManus/056,2,World Knowledge,Human-Interaction Hallucination,Reasoning Hallucination,0,0.3073396508769654,0.18593245838851075,0.5020616713696061,0.0021757536044694093,0.002490465760448361
OpenManus/057,3,World Knowledge,Retrieval Hallucination,Human-Interaction Hallucination,0,0.5152280190272911,0.1438887606782816,0.19740966903922574,0.07893975518729006,0.0645337960679114
OpenManus/058,4,World Knowledge,Human-Interaction Hallucination,Reasoning Hallucination,0,0.20089440897993138,0.01653899529965223,0.521860714512411,0.2604049210378223,0.0003009601701829803
OpenManus/059,3,World Knowledge,Retrieval Hallucination,Retrieval Hallucination,1,0.20196389355972197,0.010355021294409093,0.08265558590845928,0.5856158256682257,0.11940967356918386
OpenManus/060,0,World Knowledge,Retrieval Hallucination,Human-Interaction Hallucination,0,0.505457831881567,0.1768292995667082,0.09306486719483048,0.16792582769106446,0.05672217366582975
OpenManus/063,4,World Knowledge,Retrieval Hallucination,Retrieval Hallucination,1,0.2591202096706035,0.06842862499090739,0.11299887172669386,0.5210318975338883,0.038420396077906975
OpenManus/064,2,World Knowledge,Human-Interaction Hallucination,Planning Hallucination,0,0.047802094661287965,0.5475695948937288,0.1234689085230255,0.2802934239730711,0.0008659779488865367
OpenManus/065,0,World Knowledge,Human-Interaction Hallucination,Planning Hallucination,0,0.06505163745350591,0.6085375095530146,0.23074602083345902,0.03327240623902289,0.062392425920997724
OpenManus/066,4,World Knowledge,Human-Interaction Hallucination,Reasoning Hallucination,0,0.14547270959608394,0.023503737993433724,0.6250982554525356,0.20555204480081513,0.000373252157131424
OpenManus/067,3,World Knowledge,Human-Interaction Hallucination,Retrieval Hallucination,0,0.0755576415671749,0.17969407210257843,0.14355698783852872,0.5869471160089617,0.014244182482756412
OpenManus/068,4,World Knowledge,Retrieval Hallucination,Retrieval Hallucination,1,0.01216637695234981,0.0028647426210314953,0.0014173133298978262,0.9783634415620199,0.005188125534701087
OpenManus/070,0,World Knowledge,Retrieval Hallucination,Retrieval Hallucination,1,0.313320167112762,0.145763052068885,0.09738504346907056,0.42416310112121397,0.019368636228068458
OpenManus/071,0,World Knowledge,Retrieval Hallucination,Retrieval Hallucination,1,0.12436590376662324,0.25242338449922985,0.12697652632587875,0.4668516461934887,0.02938253921477942
OpenManus/072,0,World Knowledge,Retrieval Hallucination,Retrieval Hallucination,1,0.30701732036760276,0.03310498672708494,0.09177674985432045,0.5647323693322331,0.003368573718758737
OpenManus/073,0,World Knowledge,Retrieval Hallucination,Retrieval Hallucination,1,0.34487077031019253,0.053806875437885884,0.037017300302191844,0.5641412851010809,0.00016376884864893043
OpenManus/074,3,Science,Human-Interaction Hallucination,Retrieval Hallucination,0,0.039467735958760866,0.04919434083036767,0.0794456661977033,0.8318901104790943,2.146534073899025e-06
OpenManus/075,4,Science,Human-Interaction Hallucination,Reasoning Hallucination,0,0.11666731652405614,0.06564034592263628,0.8056390231639127,0.012053275718120145,3.8671274777358436e-08
OpenManus/076,1,Science,Human-Interaction Hallucination,Planning Hallucination,0,0.23157472610136376,0.48209548760095217,0.040662898588907384,0.2456647814373171,2.1062714595922916e-06
OpenManus/077,1,Science,Human-Interaction Hallucination,Planning Hallucination,0,0.16794641868899277,0.630148242550768,0.18796028549989932,0.013945030813399779,2.2446940030682875e-08
OpenManus/078,2,Science,Human-Interaction Hallucination,Retrieval Hallucination,0,0.05190138184172349,0.05385894454294474,0.11688466057706241,0.7773100129210968,4.500011717267093e-05
OpenManus/079,1,Science,Human-Interaction Hallucination,Retrieval Hallucination,0,0.05727006503634174,0.2865829840072016,0.1893862421883846,0.45098326047416504,0.01577744829390681
OpenManus/081,2,Science,Reasoning Hallucination,Reasoning Hallucination,1,0.10639076883032016,0.017860834544614,0.8757256266703304,1.8165247055519658e-05,4.6047076799727815e-06
OpenManus/082,0,Science,Human-Interaction Hallucination,Human-Interaction Hallucination,1,0.9302395068406593,0.05732176938174232,0.0012057039776855467,0.011215982865057829,1.703693485512004e-05
OpenManus/083,1,Science,Human-Interaction Hallucination,Human-Interaction Hallucination,1,0.8174498815889752,0.05502397941549524,0.023561109943877414,0.1032190856743263,0.0007459433773259193
OpenManus/084,4,Science,Human-Interaction Hallucination,Planning Hallucination,0,0.031241645711136763,0.4786225097726906,0.03182458361634004,0.45819503517544413,0.00011622572438863353
OpenManus/085,0,Science,Human-Interaction Hallucination,Planning Hallucination,0,0.3486144409937713,0.4113966606509781,0.0340150419796383,0.20597379473315564,6.164245662898226e-08
OpenManus/086,3,Science,Human-Interaction Hallucination,Reasoning Hallucination,0,2.239399780577654e-05,2.3930654012052515e-05,0.9999536753442657,3.916533952598241e-12,3.482010328834572e-17
OpenManus/087,0,Science,Human-Interaction Hallucination,Reasoning Hallucination,0,0.30555347174672026,0.08525605905585044,0.5837303490678333,0.025391462999444243,6.865713015160148e-05
OpenManus/088,2,Science,Human-Interaction Hallucination,Reasoning Hallucination,0,0.05578654677409873,0.04413753021004371,0.8202561968863481,0.07981968278021923,4.334929023949281e-08
OpenManus/089,1,Science,Human-Interaction Hallucination,Planning Hallucination,0,0.07946230597869121,0.7681959501707932,0.025089848540319534,0.12724932864609467,2.5666641012660565e-06
OpenManus/090,3,Science,Human-Interaction Hallucination,Reasoning Hallucination,0,0.26929125639097434,0.11616158991868039,0.5888620967793738,0.025635960806987157,4.90961039843914e-05
OpenManus/091,4,Science,Reasoning Hallucination,Planning Hallucination,0,0.034559268908664904,0.48629121200859393,0.08722812181031536,0.3918933817458235,2.80155266023753e-05
OpenManus/092,4,Science,Human-Interaction Hallucination,Human-Interaction Hallucination,1,0.9503838270961817,0.00726581352157162,0.013115397927251093,0.02915782431800531,7.713713699012854e-05
OpenManus/093,0,Science,Human-Interaction Hallucination,Human-Interaction Hallucination,1,0.6266878174101186,0.018636194592017145,0.3534025745689364,0.001239026374895841,3.438705403206846e-05
OpenManus/094,1,Math,Human-Interaction Hallucination,Human-Interaction Hallucination,1,0.6520774675700205,0.311183023877136,0.01976403136326351,0.016975265930281744,2.1125929815765586e-07
OpenManus/096,2,Math,Human-Interaction Hallucination,Retrieval Hallucination,0,0.06955045028080147,0.21435731888460482,0.07388944731566965,0.6207837364683055,0.02141904705061848
OpenManus/097,1,Math,Human-Interaction Hallucination,Human-Interaction Hallucination,1,0.5011589049721539,0.12293737700573341,0.21144782765523473,0.15160670530469694,0.01284918506218108
OpenManus/098,3,Math,Human-Interaction Hallucination,Human-Interaction Hallucination,1,0.6074472397044718,0.047995192950226355,0.09046324176939319,0.25392648662207085,0.0001678389538380022
OpenManus/100,3,Math,Human-Interaction Hallucination,Reasoning Hallucination,0,0.009117459211285471,0.33818646886862996,0.5144643147659698,0.13815411403167793,7.764312243691446e-05
OpenManus/101,4,Math,Human-Interaction Hallucination,Retrieval Hallucination,0,0.02037210902371036,0.30427630935894273,0.13650677548492532,0.5388348387507095,9.967381712052808e-06
OpenManus/102,2,Math,Human-Interaction Hallucination,Human-Interaction Hallucination,1,0.6421768350350519,0.0010891406469445558,0.08979638698749685,0.26687565219071574,6.198513979112662e-05
OpenManus/103,4,Math,Human-Interaction Hallucination,Planning Hallucination,0,0.11616644757718715,0.5309332620670092,0.15450585971101996,0.18922612339038958,0.009168307254394081
SmolAgents/001,0,Math,Planning Hallucination,Reasoning Hallucination,0,0.07512518437798807,0.04524723512812302,0.5681179358159917,0.30691808598965914,0.004591558688237954
SmolAgents/002,1,Science,Reasoning Hallucination,Reasoning Hallucination,1,0.18860758509978626,0.06481197049639974,0.4380171046911054,0.308267898521961,0.00029544119074756246
SmolAgents/003,1,Math,Planning Hallucination,Planning Hallucination,1,0.04497739275330411,0.42603980537054237,0.4221131155511102,0.09770529638318448,0.009164389941858768
SmolAgents/006,1,General Assistant,Retrieval Hallucination,Reasoning Hallucination,0,0.1077427382256509,0.29913592167827174,0.39065217874285807,0.20246135491152678,7.80644169279144e-06
SmolAgents/008,0,Math,Reasoning Hallucination,Retrieval Hallucination,0,0.08293858394221976,0.15472285079072912,0.3298253158127859,0.3590665404612368,0.07344670899302841
SmolAgents/009,3,General Assistant,Reasoning Hallucination,Planning Hallucination,0,0.14425635381771393,0.47396277735843173,0.16474748907171086,0.2168258652579466,0.00020751449419673955
SmolAgents/012,1,General Assistant,Planning Hallucination,Planning Hallucination,1,0.063411492871017,0.45241501992536753,0.21345272084828934,0.2674439832539315,0.0032767831013948284
SmolAgents/014,3,World Knowledge,Planning Hallucination,Planning Hallucination,1,0.1545876834274141,0.4553164692514823,0.044619264213652,0.3351979605080373,0.010278622599414205
SmolAgents/015,2,General Assistant,Retrieval Hallucination,Reasoning Hallucination,0,0.014641210757719262,0.006208301796840899,0.699769018029023,0.2643077494587404,0.01507371995767644
SmolAgents/017,1,Science,Retrieval Hallucination,Planning Hallucination,0,0.02396206356711551,0.48784578067444356,0.21502585453305365,0.258872698417408,0.014293602807979313
SmolAgents/018,3,Math,Reasoning Hallucination,Retrieval Hallucination,0,0.047490838052776464,0.313623268757186,0.11003541701164057,0.49512568805038293,0.033724788128014035
SmolAgents/020,0,General Assistant,Retrieval Hallucination,Planning Hallucination,0,0.0756382038670767,0.35674125152941905,0.30222274683057104,0.258265555939241,0.007132241833692105
SmolAgents/021,0,Science,Planning Hallucination,Retrieval Hallucination,0,0.06067976079518973,0.07872558852040817,0.1552975916434183,0.37073422360501146,0.3345628354359723
SmolAgents/022,0,Science,Planning Hallucination,Human-Interaction Hallucination,0,0.4304962740065815,0.19890751381728775,0.05562457405061654,0.31496624412882496,5.393996689022378e-06
SmolAgents/023,1,Math,Planning Hallucination,Reasoning Hallucination,0,0.055931621722081735,0.2502092937771821,0.4967262818269983,0.17014739870565979,0.02698540396807802
SmolAgents/024,4,World Knowledge,Retrieval Hallucination,Planning Hallucination,0,0.009997086340283871,0.5504048083098879,0.43415272029997565,0.0054453540507526065,3.0999100012700356e-08
SmolAgents/025,0,General Assistant,Reasoning Hallucination,Planning Hallucination,0,0.10435358932636624,0.37975539155759275,0.1742075239264459,0.3407397224353007,0.0009437727542943286
SmolAgents/026,4,Science,Retrieval Hallucination,Planning Hallucination,0,0.1264596618442238,0.5916730949611086,0.1943171342961633,0.08743070339913851,0.00011940549936566754
SmolAgents/027,1,World Knowledge,Reasoning Hallucination,Reasoning Hallucination,1,0.052173315862264306,0.2481048976898378,0.38781929310375884,0.22746550947054525,0.08443698387359387
SmolAgents/028,3,Math,Planning Hallucination,Planning Hallucination,1,0.03575207283291816,0.6749410644714462,0.08054305631834552,0.2085356510602696,0.00022815531702061222
SmolAgents/031,1,General Assistant,Retrieval Hallucination,Planning Hallucination,0,0.09100680935194592,0.3793583549264697,0.18055704575501424,0.3443189903854293,0.004758799581140856
SmolAgents/032,1,General Assistant,Reasoning Hallucination,Retrieval Hallucination,0,0.034449597682676254,0.37895640456897395,0.10642831475527602,0.47980664939816786,0.00035903359490593227
SmolAgents/033,2,Math,Planning Hallucination,Reasoning Hallucination,0,0.3926622699142124,0.1360678899099943,0.4265123077538574,0.04474162274421496,1.590967772096379e-05
SmolAgents/034,2,World Knowledge,Retrieval Hallucination,Planning Hallucination,0,0.05264971203049753,0.4512121776693216,0.05709701860838045,0.4387292330066914,0.0003118586851089078
SmolAgents/036,3,Science,Retrieval Hallucination,Planning Hallucination,0,0.2878903446209798,0.3175685658457312,0.29978324379118526,0.09470416348596775,5.3682256136043567e-05
SmolAgents/037,2,World Knowledge,Retrieval Hallucination,Retrieval Hallucination,1,0.24751261132448787,0.18421520119012358,0.24900072735903356,0.31912113059244823,0.00015032953390684104
SmolAgents/039,4,Science,Reasoning Hallucination,Planning Hallucination,0,0.010516714766443471,0.6509914551370508,0.029636432673540308,0.3088487152977293,6.682125236133476e-06
SmolAgents/040,0,Math,Planning Hallucination,Planning Hallucination,1,0.06583094454122508,0.44593211619550915,0.11645571452558431,0.37141779022785976,0.0003634345098215126
SmolAgents/043,3,World Knowledge,Retrieval Hallucination,Planning Hallucination,0,0.1312671404795587,0.3545301374881346,0.28866896380270274,0.20203541214127396,0.023498346088330027
SmolAgents/045,4,World Knowledge,Retrieval Hallucination,Retrieval Hallucination,1,0.05173157717960667,0.22993676383041692,0.21945337560543968,0.49883029335913687,4.799002539981615e-05
SmolAgents/046,4,Math,Reasoning Hallucination,Retrieval Hallucination,0,0.062051662268574705,0.37816119320894126,0.15804679419793252,0.4014441954729827,0.000296154851568978
SmolAgents/047,0,Math,Reasoning Hallucination,Planning Hallucination,0,0.28784630356521546,0.5787695265782269,0.05643949068898856,0.07563958232423951,0.001305096843329583
SmolAgents/048,1,Math,Reasoning Hallucination,Planning Hallucination,0,0.01164656373635809,0.3536257752847077,0.28960389010783144,0.3443904670752881,0.0007333037958147091
SmolAgents/049,0,Math,Planning Hallucination,Retrieval Hallucination,0,0.09595191697297961,0.3790967099801992,0.09027614546307522,0.43432966865272815,0.00034555893101778895
SmolAgents/050,4,Math,Reasoning Hallucination,Planning Hallucination,0,0.07216340217477982,0.2705034608314127,0.16292461477072584,0.25244736658553935,0.24196115563754236
SmolAgents/051,1,Math,Reasoning Hallucination,Retrieval Hallucination,0,0.04437572036225121,0.3383158703664379,0.23423573814822188,0.3434140390648581,0.03965863205823078
SmolAgents/053,1,Science,Retrieval Hallucination,Reasoning Hallucination,0,0.038127515336357984,0.009749451129723188,0.41264246773642815,0.3244005332556773,0.21508003254181338
SmolAgents/054,1,World Knowledge,Planning Hallucination,Planning Hallucination,1,0.14111209610070363,0.5850468641356783,0.16045833121970066,0.11127705381811352,0.0021056547258037823
SmolAgents/055,1,World Knowledge,Planning Hallucination,Retrieval Hallucination,0,0.024035774856405248,0.22238345952143096,0.29185372115725083,0.45703887797348475,0.00468816649142814
SmolAgents/056,3,World Knowledge,Planning Hallucination,Retrieval Hallucination,0,0.08968266950624776,0.31884681305381435,0.16161747257278056,0.4291557483837798,0.0006972964833774355
SmolAgents/058,2,World Knowledge,Planning Hallucination,Planning Hallucination,1,0.05455729960243277,0.680921519919371,0.07310165044225181,0.19141034972463736,9.180311307004386e-06
SmolAgents/059,1,World Knowledge,Retrieval Hallucination,Planning Hallucination,0,0.10844250658907886,0.35774054333068994,0.2075272730845149,0.3252582273080493,0.001031449687666916
SmolAgents/060,1,World Knowledge,Planning Hallucination,Planning Hallucination,1,0.022021151665335352,0.7028007118701437,0.05263002792166033,0.22253707837090353,1.1030171957072824e-05
SmolAgents/061,4,World Knowledge,Planning Hallucination,Retrieval Hallucination,0,0.07761582653413641,0.25145406235838896,0.17824730371893943,0.49090785614865995,0.0017749512398750082
SmolAgents/066,2,World Knowledge,Retrieval Hallucination,Retrieval Hallucination,1,0.02311577342433465,0.014152904327381772,0.11436841272021016,0.8482510874496212,0.0001118220784522956
SmolAgents/068,2,World Knowledge,Retrieval Hallucination,Planning Hallucination,0,0.082183986659865,0.42061924642324455,0.16380381700127836,0.332997648914847,0.00039530100076502913
SmolAgents/072,3,Science,Planning Hallucination,Retrieval Hallucination,0,0.11057581036817969,0.2445385070334371,0.20306233124900505,0.4205317359114612,0.021291615437916807
SmolAgents/076,0,Science,Reasoning Hallucination,Retrieval Hallucination,0,0.11741054185869941,0.07318647897588372,0.09660999862966636,0.700627665424732,0.012165315111018381
SmolAgents/077,2,Science,Planning Hallucination,Reasoning Hallucination,0,0.024995926852456746,0.32696557014227934,0.3501483007129031,0.29716022157036404,0.0007299807219968905
SmolAgents/078,2,Science,Planning Hallucination,Reasoning Hallucination,0,0.29307238622293974,0.09146667096331207,0.6037981373116097,0.009047979955750778,0.002614825546387703
SmolAgents/079,3,Science,Planning Hallucination,Planning Hallucination,1,0.003498408228473225,0.7268897323392425,0.14743435286290424,0.09589008742217242,0.026287419147207607
SmolAgents/080,3,Math,Planning Hallucination,Reasoning Hallucination,0,0.0017761603983335711,0.33959753313314806,0.3443686661215837,0.31424558602645564,1.2054320478989243e-05
SmolAgents/081,3,Math,Planning Hallucination,Reasoning Hallucination,0,0.02948196931700547,0.2616576561426521,0.6332912430751374,0.07556869025551319,4.4120969177957393e-07
SmolAgents/083,0,Math,Planning Hallucination,Planning Hallucination,1,0.03808814541353888,0.6780247624249245,0.18715791472855192,0.0966433947811121,8.578265187268411e-05
SmolAgents/084,2,Math,Planning Hallucination,Planning Hallucination,1,0.07287434618700833,0.4635388958839296,0.20458855486995992,0.25835127966978366,0.0006469233893184006
SmolAgents/085,3,Math,Reasoning Hallucination,Reasoning Hallucination,1,0.02848472445418081,0.29122326107320495,0.42443184610314477,0.252899771733778,0.0029603966356916128
SmolAgents/089,4,Math,Reasoning Hallucination,Planning Hallucination,0,0.12212110283211838,0.41145600327438064,0.10159039352981702,0.3632868002515452,0.001545700112138893
