id,subject,failure_type,true_step_index,step_index,target,n_steps,step_pos,remaining_steps,slod_value,slod_centered,slod_from_start,slod_to_end,delta_prev,delta_next,abs_delta_prev,abs_delta_next,curvature,fall_from_peak,rebound_from_trough,is_peak_so_far,is_trough_so_far,reasoning_range,reasoning_monotonicity,reasoning_total_variation,reasoning_direction_changes,reasoning_curvature_abs_mean,reasoning_n_chunks,reasoning_peak_pos,reasoning_trough_pos,fold,prob_responsible
Octotools/002,Math,Reasoning Hallucination,7,0,0,11,0.0,10.0,2.5666293625529377,2.792649947246632,0.0,-2.2249183985717096,0.0,-7.32950646539792,0.0,7.32950646539792,-7.32950646539792,0.0,0.0,1.0,1.0,8.028741102600065,0.06340247825617888,35.09197841734019,5,2.1699347628272743,11,0.21052631578947367,0.10526315789473684,0,0.030707080002125173
Octotools/002,Math,Reasoning Hallucination,7,1,0,11,0.1,9.0,-4.762877102844982,-4.536856518151287,-7.32950646539792,5.10458806682621,-7.32950646539792,9.244543518195911,7.32950646539792,9.244543518195911,16.57404998359383,7.32950646539792,0.0,0.0,1.0,8.028741102600065,0.06340247825617888,35.09197841734019,5,2.1699347628272743,11,0.21052631578947367,0.10526315789473684,0,0.6057395127779062
Octotools/002,Math,Reasoning Hallucination,7,2,0,11,0.2,8.0,4.481666415350929,4.707687000044624,1.9150370527979916,-4.139955451369701,9.244543518195911,-6.927851189062615,9.244543518195911,6.927851189062615,-16.172394707258526,0.0,9.244543518195911,1.0,0.0,8.028741102600065,0.06340247825617888,35.09197841734019,5,2.1699347628272743,11,0.21052631578947367,0.10526315789473684,0,0.1847680340489906
Octotools/002,Math,Reasoning Hallucination,7,3,0,11,0.3,7.0,-2.4461847737116855,-2.220164189017991,-5.012814136264623,2.7878957376929137,-6.927851189062615,0.039703510755650484,6.927851189062615,0.039703510755650484,6.967554699818265,6.927851189062615,2.3166923291332964,0.0,0.0,8.028741102600065,0.06340247825617888,35.09197841734019,5,2.1699347628272743,11,0.21052631578947367,0.10526315789473684,0,0.24774189041860645
Octotools/002,Math,Reasoning Hallucination,7,4,0,11,0.4,6.0,-2.406481262956035,-2.1804606782623406,-4.973110625508973,2.748192226937263,0.039703510755650484,7.330454389049862,0.039703510755650484,7.330454389049862,7.290750878294212,6.888147678306964,2.356395839888947,0.0,0.0,8.028741102600065,0.06340247825617888,35.09197841734019,5,2.1699347628272743,11,0.21052631578947367,0.10526315789473684,0,0.3294939780893562
Octotools/002,Math,Reasoning Hallucination,7,5,0,11,0.5,5.0,4.923973126093827,5.1499937107875216,2.3573437635408894,-4.582262162112599,7.330454389049862,-7.355742358431023,7.330454389049862,7.355742358431023,-14.686196747480885,0.0,9.686850228938809,1.0,0.0,8.028741102600065,0.06340247825617888,35.09197841734019,5,2.1699347628272743,11,0.21052631578947367,0.10526315789473684,0,0.0651259203095855
Octotools/002,Math,Reasoning Hallucination,7,6,0,11,0.6,4.0,-2.4317692323371958,-2.2057486476435013,-4.9983985948901335,2.773480196318424,-7.355742358431023,-0.23332799250380276,7.355742358431023,0.23332799250380276,7.12241436592722,7.355742358431023,2.331107870507786,0.0,0.0,8.028741102600065,0.06340247825617888,35.09197841734019,5,2.1699347628272743,11,0.21052631578947367,0.10526315789473684,0,0.06301787724063156
Octotools/002,Math,Reasoning Hallucination,7,7,1,11,0.7,3.0,-2.6650972248409985,-2.439076640147304,-5.231726587393936,3.0068081888222267,-0.23332799250380276,2.5550663664691164,0.23332799250380276,2.5550663664691164,2.788394358972919,7.589070350934826,2.0977798780039834,0.0,0.0,8.028741102600065,0.06340247825617888,35.09197841734019,5,2.1699347628272743,11,0.21052631578947367,0.10526315789473684,0,0.016729518001231267
Octotools/002,Math,Reasoning Hallucination,7,8,0,11,0.8,2.0,-0.11003085837188209,0.1159897263218122,-2.67666022092482,0.4517418223531102,2.5550663664691164,0.13226501382510136,2.5550663664691164,0.13226501382510136,-2.422801352644015,5.034003984465709,4.6528462444731,0.0,0.0,8.028741102600065,0.06340247825617888,35.09197841734019,5,2.1699347628272743,11,0.21052631578947367,0.10526315789473684,0,0.009339746438647668
Octotools/002,Math,Reasoning Hallucination,7,9,0,11,0.9,1.0,0.022234155453219273,0.24825474014691357,-2.5443952070997184,0.31947680852800886,0.13226501382510136,0.31947680852800886,0.13226501382510136,0.31947680852800886,0.1872117947029075,4.901738970640608,4.785111258298201,0.0,0.0,8.028741102600065,0.06340247825617888,35.09197841734019,5,2.1699347628272743,11,0.21052631578947367,0.10526315789473684,0,0.008176111712434915
Octotools/002,Math,Reasoning Hallucination,7,10,0,11,1.0,0.0,0.34171096398122813,0.5677315486749224,-2.2249183985717096,0.0,0.31947680852800886,0.0,0.31947680852800886,0.0,-0.31947680852800886,4.582262162112599,5.10458806682621,0.0,0.0,8.028741102600065,0.06340247825617888,35.09197841734019,5,2.1699347628272743,11,0.21052631578947367,0.10526315789473684,0,0.004725609910613386
Octotools/005,Science,Reasoning Hallucination,1,0,0,6,0.0,5.0,2.7439737745936235,3.6161778535893307,0.0,-0.1163478695429987,0.0,-2.748494572634762,0.0,2.748494572634762,-2.748494572634762,0.0,0.0,1.0,1.0,6.826446702379457,0.008595093130689409,13.536545535215915,1,0.1378374678880658,6,0.0,0.631578947368421,3,0.026175797538712343
Octotools/005,Science,Reasoning Hallucination,1,1,1,6,0.2,4.0,-0.004520798041138363,0.8676832809545688,-2.748494572634762,2.632146703091763,-2.748494572634762,-2.4556265660306735,2.748494572634762,2.4556265660306735,0.2928680066040883,2.748494572634762,0.0,0.0,1.0,6.826446702379457,0.008595093130689409,13.536545535215915,1,0.1378374678880658,6,0.0,0.631578947368421,3,0.33603751368035556
Octotools/005,Science,Reasoning Hallucination,1,2,0,6,0.4,3.0,-2.460147364071812,-1.5879432850761046,-5.204121138665435,5.087773269122437,-2.4556265660306735,-1.6280463015754343,2.4556265660306735,1.6280463015754343,0.8275802644552392,5.204121138665435,0.0,0.0,1.0,6.826446702379457,0.008595093130689409,13.536545535215915,1,0.1378374678880658,6,0.0,0.631578947368421,3,0.3297094693584992
Octotools/005,Science,Reasoning Hallucination,1,3,0,6,0.6,2.0,-4.088193665647246,-3.215989586651539,-6.83216744024087,6.715819570697871,-1.6280463015754343,0.036231339788951544,1.6280463015754343,0.036231339788951544,1.6642776413643858,6.83216744024087,0.0,0.0,1.0,6.826446702379457,0.008595093130689409,13.536545535215915,1,0.1378374678880658,6,0.0,0.631578947368421,3,0.1873891400496553
Octotools/005,Science,Reasoning Hallucination,1,4,0,6,0.8,1.0,-4.051962325858295,-3.1797582468625873,-6.795936100451918,6.679588230908919,0.036231339788951544,6.679588230908919,0.036231339788951544,6.679588230908919,6.643356891119968,6.795936100451918,0.036231339788951544,0.0,0.0,6.826446702379457,0.008595093130689409,13.536545535215915,1,0.1378374678880658,6,0.0,0.631578947368421,3,0.8692274811862927
Octotools/005,Science,Reasoning Hallucination,1,5,0,6,1.0,0.0,2.6276259050506248,3.499829984046332,-0.1163478695429987,0.0,6.679588230908919,0.0,6.679588230908919,0.0,-6.679588230908919,0.1163478695429987,6.715819570697871,0.0,0.0,6.826446702379457,0.008595093130689409,13.536545535215915,1,0.1378374678880658,6,0.0,0.631578947368421,3,0.2327382826438688
Octotools/006,World Knowledge,Retrieval Hallucination,2,0,0,5,0.0,4.0,4.9857902911949985,5.421548884810754,0.0,-4.4303007635131095,0.0,-9.70901316274918,0.0,9.70901316274918,-9.70901316274918,0.0,0.0,1.0,1.0,9.611449104774664,0.2994944450881572,14.79259744603622,1,0.16971348232812625,5,0.0,0.2631578947368421,1,0.27575338231808205
Octotools/006,World Knowledge,Retrieval Hallucination,2,1,0,5,0.25,3.0,-4.7232228715541815,-4.287464277938426,-9.70901316274918,5.2787123992360705,-9.70901316274918,1.8537171015157945,9.70901316274918,1.8537171015157945,11.562730264264975,9.70901316274918,0.0,0.0,1.0,9.611449104774664,0.2994944450881572,14.79259744603622,1,0.16971348232812625,5,0.0,0.2631578947368421,1,0.5464009407016484
Octotools/006,World Knowledge,Retrieval Hallucination,2,2,1,5,0.5,2.0,-2.869505770038387,-2.4337471764226315,-7.8552960612333855,3.424995297720276,1.8537171015157945,2.7421616246752905,1.8537171015157945,2.7421616246752905,0.888444523159496,7.8552960612333855,1.8537171015157945,0.0,0.0,9.611449104774664,0.2994944450881572,14.79259744603622,1,0.16971348232812625,5,0.0,0.2631578947368421,1,0.48525243170530413
Octotools/006,World Knowledge,Retrieval Hallucination,2,3,0,5,0.75,1.0,-0.12734414536309657,0.30841444825265896,-5.113134436558095,0.6828336730449855,2.7421616246752905,0.6828336730449855,2.7421616246752905,0.6828336730449855,-2.059327951630305,5.113134436558095,4.595878726191085,0.0,0.0,9.611449104774664,0.2994944450881572,14.79259744603622,1,0.16971348232812625,5,0.0,0.2631578947368421,1,0.5019716088677301
Octotools/006,World Knowledge,Retrieval Hallucination,2,4,0,5,1.0,0.0,0.555489527681889,0.9912481212976445,-4.4303007635131095,0.0,0.6828336730449855,0.0,0.6828336730449855,0.0,-0.6828336730449855,4.4303007635131095,5.2787123992360705,0.0,0.0,9.611449104774664,0.2994944450881572,14.79259744603622,1,0.16971348232812625,5,0.0,0.2631578947368421,1,0.5252937523022895
Octotools/008,General Assistant,Reasoning Hallucination,1,0,0,11,0.0,10.0,2.782337916498655,2.5487207491494552,0.0,-0.20604172611012928,0.0,-2.8823242048460145,0.0,2.8823242048460145,-2.8823242048460145,0.0,0.0,1.0,1.0,7.060352228825391,0.0070044534636026215,29.415817690957322,5,1.4183323464072584,11,0.0,0.21052631578947367,1,0.006715757475917929
Octotools/008,General Assistant,Reasoning Hallucination,1,1,1,11,0.1,9.0,-0.09998628834735968,-0.33360345569655925,-2.8823242048460145,2.676282478735885,-2.8823242048460145,-4.939585934406459,2.8823242048460145,4.939585934406459,-2.0572617295604445,2.8823242048460145,0.0,0.0,1.0,7.060352228825391,0.0070044534636026215,29.415817690957322,5,1.4183323464072584,11,0.0,0.21052631578947367,1,0.119324017042932
Octotools/008,General Assistant,Reasoning Hallucination,1,2,0,11,0.2,8.0,-5.039572222753819,-5.273189390103018,-7.8219101392524735,7.615868413142344,-4.939585934406459,7.234800149057293,4.939585934406459,7.234800149057293,12.174386083463752,7.8219101392524735,0.0,0.0,1.0,7.060352228825391,0.0070044534636026215,29.415817690957322,5,1.4183323464072584,11,0.0,0.21052631578947367,1,0.1631666502127127
Octotools/008,General Assistant,Reasoning Hallucination,1,3,0,11,0.3,7.0,2.195227926303474,1.9616107589542744,-0.5871099901951808,0.38106826408505157,7.234800149057293,-4.4341757808855675,7.234800149057293,4.4341757808855675,-11.66897592994286,0.5871099901951808,7.234800149057293,0.0,0.0,7.060352228825391,0.0070044534636026215,29.415817690957322,5,1.4183323464072584,11,0.0,0.21052631578947367,1,0.532650861656554
Octotools/008,General Assistant,Reasoning Hallucination,1,4,0,11,0.4,6.0,-2.2389478545820936,-2.472565021931293,-5.021285771080748,4.815244044970619,-4.4341757808855675,4.8706421405451295,4.4341757808855675,4.8706421405451295,9.304817921430697,5.021285771080748,2.800624368171725,0.0,0.0,7.060352228825391,0.0070044534636026215,29.415817690957322,5,1.4183323464072584,11,0.0,0.21052631578947367,1,0.7036762851692502
Octotools/008,General Assistant,Reasoning Hallucination,1,5,0,11,0.5,5.0,2.631694285963036,2.3980771186138363,-0.1506436305356189,-0.055398095574510364,4.8706421405451295,0.11183638143116426,4.8706421405451295,0.11183638143116426,-4.758805759113965,0.1506436305356189,7.671266508716855,0.0,0.0,7.060352228825391,0.0070044534636026215,29.415817690957322,5,1.4183323464072584,11,0.0,0.21052631578947367,1,0.3667069183949551
Octotools/008,General Assistant,Reasoning Hallucination,1,6,0,11,0.6,4.0,2.7435306673942,2.5099135000450006,-0.038807249104454655,-0.16723447700567462,0.11183638143116426,-2.7272914229968173,0.11183638143116426,2.7272914229968173,-2.8391278044279815,0.038807249104454655,7.783102890148019,0.0,0.0,7.060352228825391,0.0070044534636026215,29.415817690957322,5,1.4183323464072584,11,0.0,0.21052631578947367,1,0.702732160545533
Octotools/008,General Assistant,Reasoning Hallucination,1,7,0,11,0.7,3.0,0.01623924439738289,-0.21737792295181665,-2.766098672101272,2.5600569459911426,-2.7272914229968173,-2.6132668630149922,2.7272914229968173,2.6132668630149922,0.11402455998182504,2.766098672101272,5.0558114671512016,0.0,0.0,7.060352228825391,0.0070044534636026215,29.415817690957322,5,1.4183323464072584,11,0.0,0.21052631578947367,1,0.6612585651406878
Octotools/008,General Assistant,Reasoning Hallucination,1,8,0,11,0.8,2.0,-2.5970276186176093,-2.830644785966809,-5.379365535116264,5.173323809006135,-2.6132668630149922,2.197024212814412,2.6132668630149922,2.197024212814412,4.810291075829404,5.379365535116264,2.4425446041362093,0.0,0.0,7.060352228825391,0.0070044534636026215,29.415817690957322,5,1.4183323464072584,11,0.0,0.21052631578947367,1,0.3867996111847157
Octotools/008,General Assistant,Reasoning Hallucination,1,9,0,11,0.9,1.0,-0.40000340580319715,-0.6336205731523967,-3.182341322301852,2.9762995961917227,2.197024212814412,2.9762995961917227,2.197024212814412,2.9762995961917227,0.7792753833773105,3.182341322301852,4.6395688169506215,0.0,0.0,7.060352228825391,0.0070044534636026215,29.415817690957322,5,1.4183323464072584,11,0.0,0.21052631578947367,1,0.35788041818613275
Octotools/008,General Assistant,Reasoning Hallucination,1,10,0,11,1.0,0.0,2.5762961903885255,2.342679023039326,-0.20604172611012928,0.0,2.9762995961917227,0.0,2.9762995961917227,0.0,-2.9762995961917227,0.20604172611012928,7.615868413142344,0.0,0.0,7.060352228825391,0.0070044534636026215,29.415817690957322,5,1.4183323464072584,11,0.0,0.21052631578947367,1,0.4087417587310867
Octotools/009,Science,Reasoning Hallucination,1,0,0,3,0.0,2.0,-0.018806653909226867,0.6627463426863768,0.0,-2.0061370016906572,0.0,0.01789797363152701,0.0,0.01789797363152701,0.01789797363152701,0.0,0.0,1.0,1.0,2.0230929767099983,0.9833768939662278,2.04004895172934,1,0.011941128356454599,3,0.47368421052631576,1.0,4,0.34181665339055095
Octotools/009,Science,Reasoning Hallucination,1,1,1,3,0.5,1.0,-0.0009086802776998582,0.6806443163179038,0.01789797363152701,-2.0240349753221842,0.01789797363152701,-2.0240349753221842,0.01789797363152701,2.0240349753221842,-2.0419329489537112,0.0,0.01789797363152701,1.0,0.0,2.0230929767099983,0.9833768939662278,2.04004895172934,1,0.011941128356454599,3,0.47368421052631576,1.0,4,0.6248375674757647
Octotools/009,Science,Reasoning Hallucination,1,2,0,3,1.0,0.0,-2.024943655599884,-1.3433906590042803,-2.0061370016906572,0.0,-2.0240349753221842,0.0,2.0240349753221842,0.0,2.0240349753221842,2.0240349753221842,0.0,0.0,1.0,2.0230929767099983,0.9833768939662278,2.04004895172934,1,0.011941128356454599,3,0.47368421052631576,1.0,4,0.6318331961113842
Octotools/010,Science,Reasoning Hallucination,2,0,0,4,0.0,3.0,2.6556274479567854,1.529875813978319,0.0,1.5000579505686922,0.0,-5.028318639177865,0.0,5.028318639177865,-5.028318639177865,0.0,0.0,1.0,1.0,6.271842266391424,0.13583019485506206,11.043626582214157,1,0.07999665927237468,4,1.0,0.3684210526315789,0,0.12575587211723185
Octotools/010,Science,Reasoning Hallucination,2,1,0,4,0.3333333333333333,2.0,-2.3726911912210795,-3.498442825199546,-5.028318639177865,6.528376589746557,-5.028318639177865,2.4370760718737614,5.028318639177865,2.4370760718737614,7.465394711051626,5.028318639177865,0.0,0.0,1.0,6.271842266391424,0.13583019485506206,11.043626582214157,1,0.07999665927237468,4,1.0,0.3684210526315789,0,0.5144791644947099
Octotools/010,Science,Reasoning Hallucination,2,2,1,4,0.6666666666666666,1.0,0.06438488065268189,-1.0613667533257845,-2.5912425673041035,4.091300517872796,2.4370760718737614,4.091300517872796,2.4370760718737614,4.091300517872796,1.6542244459990343,2.5912425673041035,2.4370760718737614,0.0,0.0,6.271842266391424,0.13583019485506206,11.043626582214157,1,0.07999665927237468,4,1.0,0.3684210526315789,0,0.800625542500213
Octotools/010,Science,Reasoning Hallucination,2,3,0,4,1.0,0.0,4.155685398525478,3.0299337645470112,1.5000579505686922,0.0,4.091300517872796,0.0,4.091300517872796,0.0,-4.091300517872796,0.0,6.528376589746557,1.0,0.0,6.271842266391424,0.13583019485506206,11.043626582214157,1,0.07999665927237468,4,1.0,0.3684210526315789,0,0.09579933989788249
Octotools/011,General Assistant,Reasoning Hallucination,1,0,0,3,0.0,2.0,7.33933865793988,7.248329153775917,0.0,-9.908404782279021,0.0,-11.836582679048732,0.0,11.836582679048732,-11.836582679048732,0.0,0.0,1.0,1.0,11.735099631850325,0.7306116307729477,13.561794481421632,1,0.08049567588197973,3,0.0,0.5263157894736842,0,0.6776266896933885
Octotools/011,General Assistant,Reasoning Hallucination,1,1,1,3,0.5,1.0,-4.497244021108852,-4.5882535252728145,-11.836582679048732,1.9281778967697107,-11.836582679048732,1.9281778967697107,11.836582679048732,1.9281778967697107,13.764760575818443,11.836582679048732,0.0,0.0,1.0,11.735099631850325,0.7306116307729477,13.561794481421632,1,0.08049567588197973,3,0.0,0.5263157894736842,0,0.708780423642991
Octotools/011,General Assistant,Reasoning Hallucination,1,2,0,3,1.0,0.0,-2.569066124339141,-2.6600756285031033,-9.908404782279021,0.0,1.9281778967697107,0.0,1.9281778967697107,0.0,-1.9281778967697107,9.908404782279021,1.9281778967697107,0.0,0.0,11.735099631850325,0.7306116307729477,13.561794481421632,1,0.08049567588197973,3,0.0,0.5263157894736842,0,0.3393200967517998
Octotools/012,Math,Reasoning Hallucination,1,0,0,7,0.0,6.0,2.752222336212082,4.287933784328443,0.0,-2.751892898640776,0.0,-2.9184814838710516,0.0,2.9184814838710516,-2.9184814838710516,0.0,0.0,1.0,1.0,8.370195448108898,0.1104659786345634,24.911678080944856,3,0.7036379746602219,7,0.0,0.47368421052631576,3,0.006331905612511991
Octotools/012,Math,Reasoning Hallucination,1,1,1,7,0.16666666666666666,5.0,-0.16625914765896965,1.369452300457391,-2.9184814838710516,0.16658858523027575,-2.9184814838710516,-5.2983065911637865,2.9184814838710516,5.2983065911637865,-2.379825107292735,2.9184814838710516,0.0,0.0,1.0,8.370195448108898,0.1104659786345634,24.911678080944856,3,0.7036379746602219,7,0.0,0.47368421052631576,3,0.35824711602222736
Octotools/012,Math,Reasoning Hallucination,1,2,0,7,0.3333333333333333,4.0,-5.464565738822756,-3.9288542907063952,-8.216788075034838,5.464895176394062,-5.2983065911637865,-0.18217125552544644,5.2983065911637865,0.18217125552544644,5.11613533563834,8.216788075034838,0.0,0.0,1.0,8.370195448108898,0.1104659786345634,24.911678080944856,3,0.7036379746602219,7,0.0,0.47368421052631576,3,0.1586817618594367
Octotools/012,Math,Reasoning Hallucination,1,3,0,7,0.5,3.0,-5.646736994348203,-4.111025546231842,-8.398959330560285,5.647066431919509,-0.18217125552544644,7.712525471720262,0.18217125552544644,7.712525471720262,7.894696727245709,8.398959330560285,0.0,0.0,1.0,8.370195448108898,0.1104659786345634,24.911678080944856,3,0.7036379746602219,7,0.0,0.47368421052631576,3,0.30121621379753993
Octotools/012,Math,Reasoning Hallucination,1,4,0,7,0.6666666666666666,2.0,2.0657884773720596,3.6014999254884206,-0.6864338588400223,-2.0654590398007535,7.712525471720262,-6.356546984512104,7.712525471720262,6.356546984512104,-14.069072456232366,0.6864338588400223,7.712525471720262,0.0,0.0,8.370195448108898,0.1104659786345634,24.911678080944856,3,0.7036379746602219,7,0.0,0.47368421052631576,3,0.7769447778586808
Octotools/012,Math,Reasoning Hallucination,1,5,0,7,0.8333333333333334,1.0,-4.290758507140044,-2.755047059023683,-7.042980843352126,4.29108794471135,-6.356546984512104,4.29108794471135,6.356546984512104,4.29108794471135,10.647634929223454,7.042980843352126,1.3559784872081586,0.0,0.0,8.370195448108898,0.1104659786345634,24.911678080944856,3,0.7036379746602219,7,0.0,0.47368421052631576,3,0.77055076046255
Octotools/012,Math,Reasoning Hallucination,1,6,0,7,1.0,0.0,0.0003294375713061015,1.5360408856876668,-2.751892898640776,0.0,4.29108794471135,0.0,4.29108794471135,0.0,-4.29108794471135,2.751892898640776,5.647066431919509,0.0,0.0,8.370195448108898,0.1104659786345634,24.911678080944856,3,0.7036379746602219,7,0.0,0.47368421052631576,3,0.13754254017284212
Octotools/014,Science,Planning Hallucination,0,0,1,3,0.0,2.0,7.650401458519244,5.916480646904394,0.0,-11.953293086802638,0.0,-5.796148853910545,0.0,5.796148853910545,-5.796148853910545,0.0,0.0,1.0,1.0,11.953293086802638,1.0,11.953293086802638,0,0.0021110840876118107,3,0.0,1.0,3,0.09743510327506588
Octotools/014,Science,Planning Hallucination,0,1,0,3,0.5,1.0,1.8542526046086998,0.12033179299384966,-5.796148853910545,-6.157144232892094,-5.796148853910545,-6.157144232892094,5.796148853910545,6.157144232892094,-0.3609953789815492,5.796148853910545,0.0,0.0,1.0,11.953293086802638,1.0,11.953293086802638,0,0.0021110840876118107,3,0.0,1.0,3,0.8861824033948892
Octotools/014,Science,Planning Hallucination,0,2,0,3,1.0,0.0,-4.302891628283394,-6.036812439898244,-11.953293086802638,0.0,-6.157144232892094,0.0,6.157144232892094,0.0,6.157144232892094,11.953293086802638,0.0,0.0,1.0,11.953293086802638,1.0,11.953293086802638,0,0.0021110840876118107,3,0.0,1.0,3,0.4902871659042068
Octotools/015,World Knowledge,Reasoning Hallucination,3,0,0,5,0.0,4.0,9.135771421876107,8.117691344980125,0.0,-7.356518098633053,0.0,-13.884891036872837,0.0,13.884891036872837,-13.884891036872837,0.0,0.0,1.0,1.0,13.84045829464597,0.33297877091917705,22.093054396007364,2,0.33220597707758426,5,0.0,0.2631578947368421,3,0.3473401006296351
Octotools/015,World Knowledge,Reasoning Hallucination,3,1,0,5,0.25,3.0,-4.749119614996729,-5.767199691892712,-13.884891036872837,6.528372938239784,-13.884891036872837,0.8442221023104963,13.884891036872837,0.8442221023104963,14.729113139183333,13.884891036872837,0.0,0.0,1.0,13.84045829464597,0.33297877091917705,22.093054396007364,2,0.33220597707758426,5,0.0,0.2631578947368421,3,0.4994484580143497
Octotools/015,World Knowledge,Reasoning Hallucination,3,2,0,5,0.5,2.0,-3.904897512686233,-4.922977589582215,-13.04066893456234,5.684150835929287,0.8442221023104963,6.734290279729947,0.8442221023104963,6.734290279729947,5.890068177419451,13.04066893456234,0.8442221023104963,0.0,0.0,13.84045829464597,0.33297877091917705,22.093054396007364,2,0.33220597707758426,5,0.0,0.2631578947368421,3,0.7305316223367442
Octotools/015,World Knowledge,Reasoning Hallucination,3,3,1,5,0.75,1.0,2.8293927670437142,1.8113126901477314,-6.306378654832393,-1.05013944380066,6.734290279729947,-1.05013944380066,6.734290279729947,1.05013944380066,-7.784429723530607,6.306378654832393,7.578512382040444,0.0,0.0,13.84045829464597,0.33297877091917705,22.093054396007364,2,0.33220597707758426,5,0.0,0.2631578947368421,3,0.18945190975697299
Octotools/015,World Knowledge,Reasoning Hallucination,3,4,0,5,1.0,0.0,1.7792533232430543,0.7611732463470715,-7.356518098633053,0.0,-1.05013944380066,0.0,1.05013944380066,0.0,1.05013944380066,7.356518098633053,6.528372938239784,0.0,0.0,13.84045829464597,0.33297877091917705,22.093054396007364,2,0.33220597707758426,5,0.0,0.2631578947368421,3,0.30322442951771866
Octotools/017,Math,Reasoning Hallucination,1,0,0,5,0.0,4.0,2.83869079502216,3.025813104705756,0.0,-6.635135437111543,0.0,-2.6350178638097503,0.0,2.6350178638097503,-2.6350178638097503,0.0,0.0,1.0,1.0,8.613363760574718,0.2780644348145692,23.86186295826098,2,0.41490327009249456,5,0.7368421052631579,0.47368421052631576,1,0.02626712908649816
Octotools/017,Math,Reasoning Hallucination,1,1,1,5,0.25,3.0,0.20367293121240948,0.3907952408960057,-2.6350178638097503,-4.000117573301793,-2.6350178638097503,-5.1251084811971594,2.6350178638097503,5.1251084811971594,-2.490090617387409,2.6350178638097503,0.0,0.0,1.0,8.613363760574718,0.2780644348145692,23.86186295826098,2,0.41490327009249456,5,0.7368421052631579,0.47368421052631576,1,0.30810778733763095
Octotools/017,Math,Reasoning Hallucination,1,2,0,5,0.5,2.0,-4.92143554998475,-4.734313240301153,-7.76012634500691,1.1249909078953664,-5.1251084811971594,9.661340467406333,5.1251084811971594,9.661340467406333,14.786448948603493,7.76012634500691,0.0,0.0,1.0,8.613363760574718,0.2780644348145692,23.86186295826098,2,0.41490327009249456,5,0.7368421052631579,0.47368421052631576,1,0.47882173936527056
Octotools/017,Math,Reasoning Hallucination,1,3,0,5,0.75,1.0,4.739904917421583,4.92702722710518,1.9012141223994234,-8.536349559510967,9.661340467406333,-8.536349559510967,9.661340467406333,8.536349559510967,-18.1976900269173,0.0,9.661340467406333,1.0,0.0,8.613363760574718,0.2780644348145692,23.86186295826098,2,0.41490327009249456,5,0.7368421052631579,0.47368421052631576,1,0.5584321013978931
Octotools/017,Math,Reasoning Hallucination,1,4,0,5,1.0,0.0,-3.7964446420893836,-3.6093223324057875,-6.635135437111543,0.0,-8.536349559510967,0.0,8.536349559510967,0.0,8.536349559510967,8.536349559510967,1.1249909078953664,0.0,0.0,8.613363760574718,0.2780644348145692,23.86186295826098,2,0.41490327009249456,5,0.7368421052631579,0.47368421052631576,1,0.6332304504922632
Octotools/018,General Assistant,Reasoning Hallucination,3,0,0,6,0.0,5.0,2.8973116701826456,2.444259722297232,0.0,-0.6550704784536698,0.0,-0.5512900294398371,0.0,0.5512900294398371,-0.5512900294398371,0.0,0.0,1.0,1.0,6.798001108817914,0.05062003970473529,12.94093173918216,1,0.23939261539618473,6,0.0,0.7894736842105263,0,0.08204234406657686
Octotools/018,General Assistant,Reasoning Hallucination,3,1,0,6,0.2,4.0,2.3460216407428085,1.8929696928573947,-0.5512900294398371,-0.10378044901383277,-0.5512900294398371,-0.23049407758580998,0.5512900294398371,0.23049407758580998,0.3207959518540271,0.5512900294398371,0.0,0.0,1.0,6.798001108817914,0.05062003970473529,12.94093173918216,1,0.23939261539618473,6,0.0,0.7894736842105263,0,0.4896804297487581
Octotools/018,General Assistant,Reasoning Hallucination,3,2,0,6,0.4,3.0,2.1155275631569985,1.6624756152715847,-0.781784107025647,0.1267136285719772,-0.23049407758580998,-5.043593885445876,0.23049407758580998,5.043593885445876,-4.813099807860066,0.781784107025647,0.0,0.0,1.0,6.798001108817914,0.05062003970473529,12.94093173918216,1,0.23939261539618473,6,0.0,0.7894736842105263,0,0.5909720659450494
Octotools/018,General Assistant,Reasoning Hallucination,3,3,1,6,0.6,2.0,-2.9280663222888776,-3.3811182701742912,-5.825377992471523,5.170307514017853,-5.043593885445876,-1.0266577339211906,5.043593885445876,1.0266577339211906,4.0169361515246855,5.825377992471523,0.0,0.0,1.0,6.798001108817914,0.05062003970473529,12.94093173918216,1,0.23939261539618473,6,0.0,0.7894736842105263,0,0.22647060901183788
Octotools/018,General Assistant,Reasoning Hallucination,3,4,0,6,0.8,1.0,-3.9547240562100683,-4.407776004095482,-6.852035726392714,6.196965247939044,-1.0266577339211906,6.196965247939044,1.0266577339211906,6.196965247939044,7.223622981860235,6.852035726392714,0.0,0.0,1.0,6.798001108817914,0.05062003970473529,12.94093173918216,1,0.23939261539618473,6,0.0,0.7894736842105263,0,0.2468068294949151
Octotools/018,General Assistant,Reasoning Hallucination,3,5,0,6,1.0,0.0,2.2422411917289757,1.789189243843562,-0.6550704784536698,0.0,6.196965247939044,0.0,6.196965247939044,0.0,-6.196965247939044,0.6550704784536698,6.196965247939044,0.0,0.0,6.798001108817914,0.05062003970473529,12.94093173918216,1,0.23939261539618473,6,0.0,0.7894736842105263,0,0.4438664955378197
Octotools/019,Science,Reasoning Hallucination,1,0,0,5,0.0,4.0,0.3776292326434181,-0.589593711832763,0.0,1.9588309875207592,0.0,6.416527950240447,0.0,6.416527950240447,6.416527950240447,0.0,0.0,1.0,1.0,10.308151929113603,0.08676940363391475,22.575134845747968,2,0.4182442470552776,5,0.2631578947368421,0.5263157894736842,4,0.08790354327214961
Octotools/019,Science,Reasoning Hallucination,1,1,1,5,0.25,3.0,6.794157182883865,5.826934238407683,6.416527950240447,-4.457696962719687,6.416527950240447,-11.380999578214418,6.416527950240447,11.380999578214418,-17.797527528454864,0.0,6.416527950240447,1.0,0.0,10.308151929113603,0.08676940363391475,22.575134845747968,2,0.4182442470552776,5,0.2631578947368421,0.5263157894736842,4,0.7479511859362046
Octotools/019,Science,Reasoning Hallucination,1,2,0,5,0.5,2.0,-4.586842395330553,-5.554065339806734,-4.964471627973971,6.92330261549473,-11.380999578214418,4.5015528773505515,11.380999578214418,4.5015528773505515,15.88255245556497,11.380999578214418,0.0,0.0,1.0,10.308151929113603,0.08676940363391475,22.575134845747968,2,0.4182442470552776,5,0.2631578947368421,0.5263157894736842,4,0.7415174342804874
Octotools/019,Science,Reasoning Hallucination,1,3,0,5,0.75,1.0,-0.0852895179800015,-1.0525124624561826,-0.4629187506234196,2.421749738144179,4.5015528773505515,2.421749738144179,4.5015528773505515,2.421749738144179,-2.0798031392063727,6.879446700863866,4.5015528773505515,0.0,0.0,10.308151929113603,0.08676940363391475,22.575134845747968,2,0.4182442470552776,5,0.2631578947368421,0.5263157894736842,4,0.5885994502724046
Octotools/019,Science,Reasoning Hallucination,1,4,0,5,1.0,0.0,2.3364602201641773,1.3692372756879962,1.9588309875207592,0.0,2.421749738144179,0.0,2.421749738144179,0.0,-2.421749738144179,4.457696962719687,6.92330261549473,0.0,0.0,10.308151929113603,0.08676940363391475,22.575134845747968,2,0.4182442470552776,5,0.2631578947368421,0.5263157894736842,4,0.565027053994328
Octotools/021,Science,Reasoning Hallucination,4,0,0,6,0.0,5.0,4.919944908146867,5.713393678219858,0.0,-4.699238950713259,0.0,-9.326089501853115,0.0,9.326089501853115,-9.326089501853115,0.0,0.0,1.0,1.0,11.994887033372084,0.214307829459578,21.927518759176333,2,0.45093563045007545,6,0.0,0.3684210526315789,2,0.2593306808786486
Octotools/021,Science,Reasoning Hallucination,4,1,0,6,0.2,4.0,-4.406144593706248,-3.6126958236332576,-9.326089501853115,4.6268505511398565,-9.326089501853115,-3.169197068678777,9.326089501853115,3.169197068678777,6.156892433174338,9.326089501853115,0.0,0.0,1.0,11.994887033372084,0.214307829459578,21.927518759176333,2,0.45093563045007545,6,0.0,0.3684210526315789,2,0.5549443222631526
Octotools/021,Science,Reasoning Hallucination,4,2,0,6,0.4,3.0,-7.575341662385025,-6.781892892312034,-12.495286570531892,7.7960476198186335,-3.169197068678777,9.344905469377444,3.169197068678777,9.344905469377444,12.514102538056221,12.495286570531892,0.0,0.0,1.0,11.994887033372084,0.214307829459578,21.927518759176333,2,0.45093563045007545,6,0.0,0.3684210526315789,2,0.43054166075370887
Octotools/021,Science,Reasoning Hallucination,4,3,0,6,0.6,2.0,1.7695638069924193,2.5630125770654097,-3.150381101154448,-1.5488578495588108,9.344905469377444,-1.4589848439119848,9.344905469377444,1.4589848439119848,-10.803890313289429,3.150381101154448,9.344905469377444,0.0,0.0,11.994887033372084,0.214307829459578,21.927518759176333,2,0.45093563045007545,6,0.0,0.3684210526315789,2,0.43150044517353514
Octotools/021,Science,Reasoning Hallucination,4,4,1,6,0.8,1.0,0.31057896308043453,1.104027733153425,-4.609365945066433,-0.08987300564682599,-1.4589848439119848,-0.08987300564682599,1.4589848439119848,0.08987300564682599,1.3691118382651588,4.609365945066433,7.8859206254654595,0.0,0.0,11.994887033372084,0.214307829459578,21.927518759176333,2,0.45093563045007545,6,0.0,0.3684210526315789,2,0.29429975808999836
Octotools/021,Science,Reasoning Hallucination,4,5,0,6,1.0,0.0,0.22070595743360855,1.014154727506599,-4.699238950713259,0.0,-0.08987300564682599,0.0,0.08987300564682599,0.0,0.08987300564682599,4.699238950713259,7.7960476198186335,0.0,0.0,11.994887033372084,0.214307829459578,21.927518759176333,2,0.45093563045007545,6,0.0,0.3684210526315789,2,0.19399587916888525
Octotools/022,Math,Reasoning Hallucination,2,0,0,4,0.0,3.0,2.870137704730009,2.2450684831520347,0.0,-3.224909550636948,0.0,-0.43680793534640827,0.0,0.43680793534640827,-0.43680793534640827,0.0,0.0,1.0,1.0,5.208364504730687,0.44841358561635686,7.191819458824425,1,0.10017838581752807,4,0.0,0.6842105263157895,2,0.1264535332051613
Octotools/022,Math,Reasoning Hallucination,2,1,0,4,0.3333333333333333,2.0,2.433329769383601,1.8082605478056264,-0.43680793534640827,-2.7881016152905396,-0.43680793534640827,-4.881748511278374,0.43680793534640827,4.881748511278374,-4.444940575931966,0.43680793534640827,0.0,0.0,1.0,5.208364504730687,0.44841358561635686,7.191819458824425,1,0.10017838581752807,4,0.0,0.6842105263157895,2,0.8266473468582146
Octotools/022,Math,Reasoning Hallucination,2,2,1,4,0.6666666666666666,1.0,-2.4484187418947734,-3.073487963472748,-5.3185564466247826,2.0936468959878347,-4.881748511278374,2.0936468959878347,4.881748511278374,2.0936468959878347,6.975395407266209,5.3185564466247826,0.0,0.0,1.0,5.208364504730687,0.44841358561635686,7.191819458824425,1,0.10017838581752807,4,0.0,0.6842105263157895,2,0.5277567478032068
Octotools/022,Math,Reasoning Hallucination,2,3,0,4,1.0,0.0,-0.35477184590693867,-0.9798410674849132,-3.224909550636948,0.0,2.0936468959878347,0.0,2.0936468959878347,0.0,-2.0936468959878347,3.224909550636948,2.0936468959878347,0.0,0.0,5.208364504730687,0.44841358561635686,7.191819458824425,1,0.10017838581752807,4,0.0,0.6842105263157895,2,0.693623395295707
Octotools/023,World Knowledge,Reasoning Hallucination,3,0,0,4,0.0,3.0,-0.20782763298351625,2.2281241724572265,0.0,-2.614206224546031,0.0,-3.509666315263523,0.0,3.509666315263523,-3.509666315263523,0.0,0.0,1.0,1.0,3.433767139974663,0.6146260505876157,4.253328055403296,1,0.04190642737086454,4,0.0,0.3684210526315789,3,0.18877347084959434
Octotools/023,World Knowledge,Reasoning Hallucination,3,1,0,4,0.3333333333333333,2.0,-3.7174939482470393,-1.2815421428062965,-3.509666315263523,0.8954600907174921,-3.509666315263523,0.721042165244171,3.509666315263523,0.721042165244171,4.230708480507694,3.509666315263523,0.0,0.0,1.0,3.433767139974663,0.6146260505876157,4.253328055403296,1,0.04190642737086454,4,0.0,0.3684210526315789,3,0.5295246101215907
Octotools/023,World Knowledge,Reasoning Hallucination,3,2,0,4,0.6666666666666666,1.0,-2.9964517830028683,-0.5604999775621256,-2.788624150019352,0.17441792547332113,0.721042165244171,0.17441792547332113,0.721042165244171,0.17441792547332113,-0.5466242397708498,2.788624150019352,0.721042165244171,0.0,0.0,3.433767139974663,0.6146260505876157,4.253328055403296,1,0.04190642737086454,4,0.0,0.3684210526315789,3,0.7620206422681829
Octotools/023,World Knowledge,Reasoning Hallucination,3,3,1,4,1.0,0.0,-2.822033857529547,-0.3860820520888044,-2.614206224546031,0.0,0.17441792547332113,0.0,0.17441792547332113,0.0,-0.17441792547332113,2.614206224546031,0.8954600907174921,0.0,0.0,3.433767139974663,0.6146260505876157,4.253328055403296,1,0.04190642737086454,4,0.0,0.3684210526315789,3,0.7062611010941912
Octotools/024,World Knowledge,Reasoning Hallucination,4,0,0,6,0.0,5.0,-0.002850780657812635,-0.34961024918878475,0.0,7.005619915186429,0.0,0.17819414964892033,0.0,0.17819414964892033,0.17819414964892033,0.0,0.0,1.0,1.0,11.269272854805344,0.44274873011754906,15.823015264948245,2,0.22846720698629308,6,1.0,0.5789473684210527,4,0.060536519948530335
Octotools/024,World Knowledge,Reasoning Hallucination,4,1,0,6,0.2,4.0,0.1753433689911077,-0.17141609953986442,0.17819414964892033,6.827425765537509,0.17819414964892033,-0.6298388733516411,0.17819414964892033,0.6298388733516411,-0.8080330230005615,0.0,0.17819414964892033,1.0,0.0,11.269272854805344,0.44274873011754906,15.823015264948245,2,0.22846720698629308,6,1.0,0.5789473684210527,4,0.16546382400529358
Octotools/024,World Knowledge,Reasoning Hallucination,4,2,0,6,0.4,3.0,-0.45449550436053343,-0.8012549728915055,-0.4516447237027208,7.45726463888915,-0.6298388733516411,-4.260479770729866,0.6298388733516411,4.260479770729866,-3.6306408973782247,0.6298388733516411,0.0,0.0,1.0,11.269272854805344,0.44274873011754906,15.823015264948245,2,0.22846720698629308,6,1.0,0.5789473684210527,4,0.4444342114827718
Octotools/024,World Knowledge,Reasoning Hallucination,4,3,0,6,0.6,2.0,-4.714975275090399,-5.061734743621371,-4.712124494432587,11.717744409619016,-4.260479770729866,4.789741142865253,4.260479770729866,4.789741142865253,9.050220913595119,4.890318644081507,0.0,0.0,1.0,11.269272854805344,0.44274873011754906,15.823015264948245,2,0.22846720698629308,6,1.0,0.5789473684210527,4,0.4085617607000404
Octotools/024,World Knowledge,Reasoning Hallucination,4,4,1,6,0.8,1.0,0.07476586777485394,-0.27199360075611817,0.07761664843266658,6.9280032667537625,4.789741142865253,6.9280032667537625,4.789741142865253,6.9280032667537625,2.1382621238885093,0.10057750121625375,4.789741142865253,0.0,0.0,11.269272854805344,0.44274873011754906,15.823015264948245,2,0.22846720698629308,6,1.0,0.5789473684210527,4,0.5655433971670262
Octotools/024,World Knowledge,Reasoning Hallucination,4,5,0,6,1.0,0.0,7.0027691345286165,6.656009665997645,7.005619915186429,0.0,6.9280032667537625,0.0,6.9280032667537625,0.0,-6.9280032667537625,0.0,11.717744409619016,1.0,0.0,11.269272854805344,0.44274873011754906,15.823015264948245,2,0.22846720698629308,6,1.0,0.5789473684210527,4,0.1669833168526868
Octotools/025,World Knowledge,Retrieval Hallucination,1,0,0,3,0.0,2.0,7.114944111474195,6.288291735399209,0.0,-9.946970048495796,0.0,-8.917905157701831,0.0,8.917905157701831,-8.917905157701831,0.0,0.0,1.0,1.0,9.946970048495796,1.0000000000000002,9.946970048495794,0,0.0461335688123269,3,0.0,1.0,3,0.5152182191232886
Octotools/025,World Knowledge,Retrieval Hallucination,1,1,1,3,0.5,1.0,-1.8029610462276366,-2.629613422302622,-8.917905157701831,-1.0290648907939648,-8.917905157701831,-1.0290648907939648,8.917905157701831,1.0290648907939648,7.8888402669078665,8.917905157701831,0.0,0.0,1.0,9.946970048495796,1.0000000000000002,9.946970048495794,0,0.0461335688123269,3,0.0,1.0,3,0.7820696291568048
Octotools/025,World Knowledge,Retrieval Hallucination,1,2,0,3,1.0,0.0,-2.8320259370216014,-3.658678313096587,-9.946970048495796,0.0,-1.0290648907939648,0.0,1.0290648907939648,0.0,1.0290648907939648,9.946970048495796,0.0,0.0,1.0,9.946970048495796,1.0000000000000002,9.946970048495794,0,0.0461335688123269,3,0.0,1.0,3,0.31253689263589374
Octotools/026,World Knowledge,Retrieval Hallucination,4,0,0,6,0.0,5.0,2.457106848086024,3.9313371045882706,0.0,-2.0465167793149455,0.0,-7.733989147542861,0.0,7.733989147542861,-7.733989147542861,0.0,0.0,1.0,1.0,7.671450788170383,0.15391527926994994,13.29638479702582,1,0.16959150175714888,6,0.0,0.21052631578947367,4,0.21980652341862958
Octotools/026,World Knowledge,Retrieval Hallucination,4,1,0,6,0.2,4.0,-5.276882299456837,-3.8026520429545903,-7.733989147542861,5.687472368227915,-7.733989147542861,1.1882288280770723,7.733989147542861,1.1882288280770723,8.922217975619933,7.733989147542861,0.0,0.0,1.0,7.671450788170383,0.15391527926994994,13.29638479702582,1,0.16959150175714888,6,0.0,0.21052631578947367,4,0.5070015644760524
Octotools/026,World Knowledge,Retrieval Hallucination,4,2,0,6,0.4,3.0,-4.088653471379764,-2.614423214877518,-6.5457603194657885,4.499243540150843,1.1882288280770723,1.8247959320759364,1.1882288280770723,1.8247959320759364,0.6365671039988641,6.5457603194657885,1.1882288280770723,0.0,0.0,7.671450788170383,0.15391527926994994,13.29638479702582,1,0.16959150175714888,6,0.0,0.21052631578947367,4,0.5462896994037097
Octotools/026,World Knowledge,Retrieval Hallucination,4,3,0,6,0.6,2.0,-2.263857539303828,-0.7896272828015813,-4.720964387389852,2.6744476080749067,1.8247959320759364,2.180172393573674,1.8247959320759364,2.180172393573674,0.3553764614977375,4.720964387389852,3.0130247601530087,0.0,0.0,7.671450788170383,0.15391527926994994,13.29638479702582,1,0.16959150175714888,6,0.0,0.21052631578947367,4,0.5089903063058487
Octotools/026,World Knowledge,Retrieval Hallucination,4,4,1,6,0.8,1.0,-0.08368514573015418,1.3905451107720925,-2.5407919938161783,0.4942752145012328,2.180172393573674,0.4942752145012328,2.180172393573674,0.4942752145012328,-1.685897179072441,2.5407919938161783,5.193197153726683,0.0,0.0,7.671450788170383,0.15391527926994994,13.29638479702582,1,0.16959150175714888,6,0.0,0.21052631578947367,4,0.43163250367340417
Octotools/026,World Knowledge,Retrieval Hallucination,4,5,0,6,1.0,0.0,0.4105900687710786,1.8848203252733253,-2.0465167793149455,0.0,0.4942752145012328,0.0,0.4942752145012328,0.0,-0.4942752145012328,2.0465167793149455,5.687472368227915,0.0,0.0,7.671450788170383,0.15391527926994994,13.29638479702582,1,0.16959150175714888,6,0.0,0.21052631578947367,4,0.4109799257056153
Octotools/027,World Knowledge,Retrieval Hallucination,2,0,0,4,0.0,3.0,4.921816382205218,4.615847961260034,0.0,-0.39931109690374456,0.0,-7.253950620965803,0.0,7.253950620965803,-7.253950620965803,0.0,0.0,1.0,1.0,10.435795442306926,0.019504964813125428,20.472279787710107,1,0.1549541197476555,4,0.0,0.631578947368421,1,0.20090420332607054
Octotools/027,World Knowledge,Retrieval Hallucination,2,1,0,4,0.3333333333333333,2.0,-2.3321342387605846,-2.638102659705769,-7.253950620965803,6.854639524062058,-7.253950620965803,-3.556179506204785,7.253950620965803,3.556179506204785,3.697771114761018,7.253950620965803,0.0,0.0,1.0,10.435795442306926,0.019504964813125428,20.472279787710107,1,0.1549541197476555,4,0.0,0.631578947368421,1,0.5935982289811024
Octotools/027,World Knowledge,Retrieval Hallucination,2,2,1,4,0.6666666666666666,1.0,-5.8883137449653695,-6.194282165910554,-10.810130127170588,10.410819030266843,-3.556179506204785,10.410819030266843,3.556179506204785,10.410819030266843,13.966998536471628,10.810130127170588,0.0,0.0,1.0,10.435795442306926,0.019504964813125428,20.472279787710107,1,0.1549541197476555,4,0.0,0.631578947368421,1,0.48972163301221183
Octotools/027,World Knowledge,Retrieval Hallucination,2,3,0,4,1.0,0.0,4.522505285301474,4.216536864356289,-0.39931109690374456,0.0,10.410819030266843,0.0,10.410819030266843,0.0,-10.410819030266843,0.39931109690374456,10.410819030266843,0.0,0.0,10.435795442306926,0.019504964813125428,20.472279787710107,1,0.1549541197476555,4,0.0,0.631578947368421,1,0.6072170278346901
Octotools/029,Math,Reasoning Hallucination,1,0,0,3,0.0,2.0,2.8370019017250065,1.318411614873573,0.0,-3.282757495452401,0.0,-0.672477349168318,0.0,0.672477349168318,-0.672477349168318,0.0,0.0,1.0,1.0,3.282757495452401,1.0,3.282757495452401,0,0.011332180100092428,3,0.0,1.0,4,0.39141603629810334
Octotools/029,Math,Reasoning Hallucination,1,1,1,3,0.5,1.0,2.1645245525566885,0.6459342657052549,-0.672477349168318,-2.610280146284083,-0.672477349168318,-2.610280146284083,0.672477349168318,2.610280146284083,-1.937802797115765,0.672477349168318,0.0,0.0,1.0,3.282757495452401,1.0,3.282757495452401,0,0.011332180100092428,3,0.0,1.0,4,0.8288765163225712
Octotools/029,Math,Reasoning Hallucination,1,2,0,3,1.0,0.0,-0.4457555937273945,-1.964345880578828,-3.282757495452401,0.0,-2.610280146284083,0.0,2.610280146284083,0.0,2.610280146284083,3.282757495452401,0.0,0.0,1.0,3.282757495452401,1.0,3.282757495452401,0,0.011332180100092428,3,0.0,1.0,4,0.6718385820417591
Octotools/030,Math,Reasoning Hallucination,3,0,0,5,0.0,4.0,2.652324187087938,3.5826959734637773,0.0,-7.327224665172302,0.0,-5.287959524115074,0.0,5.287959524115074,-5.287959524115074,0.0,0.0,1.0,1.0,8.874894326716946,0.29700910319860835,24.67003396954008,2,0.3908636260803968,5,0.7368421052631579,1.0,2,0.27902861667056067
Octotools/030,Math,Reasoning Hallucination,3,1,0,5,0.25,3.0,-2.6356353370271357,-1.7052635506512963,-5.287959524115074,-2.0392651410572284,-5.287959524115074,-2.0517490508211296,5.287959524115074,2.0517490508211296,3.2362104732939443,5.287959524115074,0.0,0.0,1.0,8.874894326716946,0.29700910319860835,24.67003396954008,2,0.3908636260803968,5,0.7368421052631579,1.0,2,0.6962725222131435
Octotools/030,Math,Reasoning Hallucination,3,2,0,5,0.5,2.0,-4.687384387848265,-3.757012601472426,-7.339708574936203,0.012483909763901124,-2.0517490508211296,9.381121471840896,2.0517490508211296,9.381121471840896,11.432870522662025,7.339708574936203,0.0,0.0,1.0,8.874894326716946,0.29700910319860835,24.67003396954008,2,0.3908636260803968,5,0.7368421052631579,1.0,2,0.6949245001381948
Octotools/030,Math,Reasoning Hallucination,3,3,1,5,0.75,1.0,4.69373708399263,5.624108870368469,2.041412896904692,-9.368637562076994,9.381121471840896,-9.368637562076994,9.381121471840896,9.368637562076994,-18.74975903391789,0.0,9.381121471840896,1.0,0.0,8.874894326716946,0.29700910319860835,24.67003396954008,2,0.3908636260803968,5,0.7368421052631579,1.0,2,0.5408357378388541
Octotools/030,Math,Reasoning Hallucination,3,4,0,5,1.0,0.0,-4.674900478084364,-3.744528691708525,-7.327224665172302,0.0,-9.368637562076994,0.0,9.368637562076994,0.0,9.368637562076994,9.368637562076994,0.012483909763901124,0.0,0.0,8.874894326716946,0.29700910319860835,24.67003396954008,2,0.3908636260803968,5,0.7368421052631579,1.0,2,0.7767164077691628
Octotools/031,Math,Reasoning Hallucination,2,0,0,4,0.0,3.0,2.6577226476350937,3.1990960038695837,0.0,-4.83310987273396,0.0,-5.089784045600805,0.0,5.089784045600805,-5.089784045600805,0.0,0.0,1.0,1.0,4.856489945763201,0.5624582044651822,8.592833804121605,2,0.10071922559741836,4,0.0,0.3684210526315789,4,0.2724064013796733
Octotools/031,Math,Reasoning Hallucination,2,1,0,4,0.3333333333333333,2.0,-2.432061397965711,-1.890688041731221,-5.089784045600805,0.2566741728668447,-5.089784045600805,2.216293948457235,5.089784045600805,2.216293948457235,7.30607799405804,5.089784045600805,0.0,0.0,1.0,4.856489945763201,0.5624582044651822,8.592833804121605,2,0.10071922559741836,4,0.0,0.3684210526315789,4,0.6248354538939344
Octotools/031,Math,Reasoning Hallucination,2,2,1,4,0.6666666666666666,1.0,-0.21576744950847626,0.32560590672601375,-2.87349009714357,-1.9596197755903901,2.216293948457235,-1.9596197755903901,2.216293948457235,1.9596197755903901,-4.175913724047625,2.87349009714357,2.216293948457235,0.0,0.0,4.856489945763201,0.5624582044651822,8.592833804121605,2,0.10071922559741836,4,0.0,0.3684210526315789,4,0.7178606271828126
Octotools/031,Math,Reasoning Hallucination,2,3,0,4,1.0,0.0,-2.1753872250988664,-1.6340138688643764,-4.83310987273396,0.0,-1.9596197755903901,0.0,1.9596197755903901,0.0,1.9596197755903901,4.83310987273396,0.2566741728668447,0.0,0.0,4.856489945763201,0.5624582044651822,8.592833804121605,2,0.10071922559741836,4,0.0,0.3684210526315789,4,0.58868010226922
Octotools/033,Science,Reasoning Hallucination,1,0,0,3,0.0,2.0,3.007856560418716,0.5385431608089228,0.0,-2.771987064388618,0.0,1.1563575819618492,0.0,1.1563575819618492,1.1563575819618492,0.0,0.0,1.0,1.0,3.8674837209840542,0.5585327471595911,4.962980377579491,1,0.029735100750364715,3,0.47368421052631576,1.0,0,0.23623031908141642
Octotools/033,Science,Reasoning Hallucination,1,1,1,3,0.5,1.0,4.164214142380565,1.694900742770772,1.1563575819618492,-3.9283446463504674,1.1563575819618492,-3.9283446463504674,1.1563575819618492,3.9283446463504674,-5.084702228312317,0.0,1.1563575819618492,1.0,0.0,3.8674837209840542,0.5585327471595911,4.962980377579491,1,0.029735100750364715,3,0.47368421052631576,1.0,0,0.6507517448327217
Octotools/033,Science,Reasoning Hallucination,1,2,0,3,1.0,0.0,0.235869496030098,-2.2334439035796954,-2.771987064388618,0.0,-3.9283446463504674,0.0,3.9283446463504674,0.0,3.9283446463504674,3.9283446463504674,0.0,0.0,1.0,3.8674837209840542,0.5585327471595911,4.962980377579491,1,0.029735100750364715,3,0.47368421052631576,1.0,0,0.503310738806671
Octotools/034,Science,Reasoning Hallucination,2,0,0,4,0.0,3.0,0.1610134196566726,-0.6191947316332902,0.0,-2.290513331262815,0.0,2.2879426988083296,0.0,2.2879426988083296,2.2879426988083296,0.0,0.0,1.0,1.0,4.74971479970527,0.31773337989558104,7.208916268147725,1,0.06191057534262133,4,0.631578947368421,1.0,0,0.20166715159688117
Octotools/034,Science,Reasoning Hallucination,2,1,0,4,0.3333333333333333,2.0,2.448956118465002,1.6687479671750394,2.2879426988083296,-4.578456030071145,2.2879426988083296,0.19140686017931685,2.2879426988083296,0.19140686017931685,-2.0965358386290127,0.0,2.2879426988083296,1.0,0.0,4.74971479970527,0.31773337989558104,7.208916268147725,1,0.06191057534262133,4,0.631578947368421,1.0,0,0.39529934934044914
Octotools/034,Science,Reasoning Hallucination,2,2,1,4,0.6666666666666666,1.0,2.640362978644319,1.8601548273543562,2.4793495589876464,-4.769862890250462,0.19140686017931685,-4.769862890250462,0.19140686017931685,4.769862890250462,-4.9612697504297785,0.0,2.4793495589876464,1.0,0.0,4.74971479970527,0.31773337989558104,7.208916268147725,1,0.06191057534262133,4,0.631578947368421,1.0,0,0.5667918010471535
Octotools/034,Science,Reasoning Hallucination,2,3,0,4,1.0,0.0,-2.1294999116061426,-2.9097080628961054,-2.290513331262815,0.0,-4.769862890250462,0.0,4.769862890250462,0.0,4.769862890250462,4.769862890250462,0.0,0.0,1.0,4.74971479970527,0.31773337989558104,7.208916268147725,1,0.06191057534262133,4,0.631578947368421,1.0,0,0.29511631075994327
Octotools/035,Science,Reasoning Hallucination,1,0,0,3,0.0,2.0,7.336086490969599,5.597535422570846,0.0,-7.680794632674328,0.0,-9.111811635038208,0.0,9.111811635038208,-9.111811635038208,0.0,0.0,1.0,1.0,9.036494950703267,0.7390926011354041,10.392195268732209,1,0.061653968639778345,3,0.0,0.5263157894736842,1,0.5964062401652409
Octotools/035,Science,Reasoning Hallucination,1,1,1,3,0.5,1.0,-1.775725144068609,-3.5142762124673625,-9.111811635038208,1.4310170023638804,-9.111811635038208,1.4310170023638804,9.111811635038208,1.4310170023638804,10.542828637402089,9.111811635038208,0.0,0.0,1.0,9.036494950703267,0.7390926011354041,10.392195268732209,1,0.061653968639778345,3,0.0,0.5263157894736842,1,0.7419061100349552
Octotools/035,Science,Reasoning Hallucination,1,2,0,3,1.0,0.0,-0.34470814170472863,-2.083259210103482,-7.680794632674328,0.0,1.4310170023638804,0.0,1.4310170023638804,0.0,-1.4310170023638804,7.680794632674328,1.4310170023638804,0.0,0.0,9.036494950703267,0.7390926011354041,10.392195268732209,1,0.061653968639778345,3,0.0,0.5263157894736842,1,0.4741722555194026
Octotools/039,World Knowledge,Reasoning Hallucination,5,0,0,7,0.0,6.0,2.771741884698507,4.063960074876002,0.0,-2.619664400560371,0.0,-2.5786118828859905,0.0,2.5786118828859905,-2.5786118828859905,0.0,0.0,1.0,1.0,7.075272293918816,0.227186854603763,11.530880187277262,1,0.15634682167607905,7,0.0,0.5263157894736842,2,0.0950434562036739
Octotools/039,World Knowledge,Reasoning Hallucination,5,1,0,7,0.16666666666666666,5.0,0.19313000181251638,1.4853481919900113,-2.5786118828859905,-0.04105251767438034,-2.5786118828859905,-2.686635139222485,2.5786118828859905,2.686635139222485,-0.10802325633649446,2.5786118828859905,0.0,0.0,1.0,7.075272293918816,0.227186854603763,11.530880187277262,1,0.15634682167607905,7,0.0,0.5263157894736842,2,0.6075602983952471
Octotools/039,World Knowledge,Reasoning Hallucination,5,2,0,7,0.3333333333333333,4.0,-2.4935051374099686,-1.2012869472324736,-5.2652470221084755,2.6455826215481046,-2.686635139222485,-2.1234113691357592,2.686635139222485,2.1234113691357592,0.5632237700867258,5.2652470221084755,0.0,0.0,1.0,7.075272293918816,0.227186854603763,11.530880187277262,1,0.15634682167607905,7,0.0,0.5263157894736842,2,0.46260406668175735
Octotools/039,World Knowledge,Reasoning Hallucination,5,3,0,7,0.5,3.0,-4.616916506545728,-3.3246983163682327,-7.388658391244235,4.768993990683864,-2.1234113691357592,1.984778616394319,2.1234113691357592,1.984778616394319,4.108189985530078,7.388658391244235,0.0,0.0,1.0,7.075272293918816,0.227186854603763,11.530880187277262,1,0.15634682167607905,7,0.0,0.5263157894736842,2,0.28674163072651454
Octotools/039,World Knowledge,Reasoning Hallucination,5,4,0,7,0.6666666666666666,2.0,-2.6321378901514088,-1.3399196999739138,-5.403879774849916,2.784215374289545,1.984778616394319,0.21222072236689016,1.984778616394319,0.21222072236689016,-1.772557894027429,5.403879774849916,1.984778616394319,0.0,0.0,7.075272293918816,0.227186854603763,11.530880187277262,1,0.15634682167607905,7,0.0,0.5263157894736842,2,0.5842897299787424
Octotools/039,World Knowledge,Reasoning Hallucination,5,5,1,7,0.8333333333333334,1.0,-2.4199171677845186,-1.1276989776070236,-5.1916590524830255,2.5719946519226546,0.21222072236689016,2.5719946519226546,0.21222072236689016,2.5719946519226546,2.3597739295557645,5.1916590524830255,2.1969993387612092,0.0,0.0,7.075272293918816,0.227186854603763,11.530880187277262,1,0.15634682167607905,7,0.0,0.5263157894736842,2,0.5765184840922737
Octotools/039,World Knowledge,Reasoning Hallucination,5,6,0,7,1.0,0.0,0.15207748413813604,1.444295674315631,-2.619664400560371,0.0,2.5719946519226546,0.0,2.5719946519226546,0.0,-2.5719946519226546,2.619664400560371,4.768993990683864,0.0,0.0,7.075272293918816,0.227186854603763,11.530880187277262,1,0.15634682167607905,7,0.0,0.5263157894736842,2,0.36027143031467296
Octotools/043,Math,Reasoning Hallucination,1,0,0,3,0.0,2.0,2.570642058003642,1.8836836986982775,0.0,-0.9795081298306485,0.0,-4.671542966264184,0.0,4.671542966264184,-4.671542966264184,0.0,0.0,1.0,1.0,4.477225343293998,0.12282322071407138,7.974942556757348,1,0.04890981171168282,3,0.0,0.5263157894736842,4,0.3078867938318362
Octotools/043,Math,Reasoning Hallucination,1,1,1,3,0.5,1.0,-2.1009009082605417,-2.7878592675659064,-4.671542966264184,3.6920348364335354,-4.671542966264184,3.6920348364335354,4.671542966264184,3.6920348364335354,8.36357780269772,4.671542966264184,0.0,0.0,1.0,4.477225343293998,0.12282322071407138,7.974942556757348,1,0.04890981171168282,3,0.0,0.5263157894736842,4,0.6746517179919777
Octotools/043,Math,Reasoning Hallucination,1,2,0,3,1.0,0.0,1.5911339281729937,0.904175568867629,-0.9795081298306485,0.0,3.6920348364335354,0.0,3.6920348364335354,0.0,-3.6920348364335354,0.9795081298306485,3.6920348364335354,0.0,0.0,4.477225343293998,0.12282322071407138,7.974942556757348,1,0.04890981171168282,3,0.0,0.5263157894736842,4,0.5953790779957185
Octotools/044,Math,Reasoning Hallucination,1,0,0,3,0.0,2.0,4.811158642418693,6.140978292304328,0.0,-7.154561710888871,0.0,-11.268373166024112,0.0,11.268373166024112,-11.268373166024112,0.0,0.0,1.0,1.0,11.051856773648574,0.4785931529215002,14.949151836408275,1,0.08995429603017198,3,0.0,0.5263157894736842,2,0.6033617610922761
Octotools/044,Math,Reasoning Hallucination,1,1,1,3,0.5,1.0,-6.457214523605419,-5.127394873719784,-11.268373166024112,4.113811455135242,-11.268373166024112,4.113811455135242,11.268373166024112,4.113811455135242,15.382184621159354,11.268373166024112,0.0,0.0,1.0,11.051856773648574,0.4785931529215002,14.949151836408275,1,0.08995429603017198,3,0.0,0.5263157894736842,2,0.6229647102658439
Octotools/044,Math,Reasoning Hallucination,1,2,0,3,1.0,0.0,-2.3434030684701774,-1.013583418584543,-7.154561710888871,0.0,4.113811455135242,0.0,4.113811455135242,0.0,-4.113811455135242,7.154561710888871,4.113811455135242,0.0,0.0,11.051856773648574,0.4785931529215002,14.949151836408275,1,0.08995429603017198,3,0.0,0.5263157894736842,2,0.5050058043553588
Octotools/046,Math,Reasoning Hallucination,1,0,0,3,0.0,2.0,4.752403627652583,3.94170331090244,0.0,-4.652192338154769,0.0,-7.172917594552551,0.0,7.172917594552551,-7.172917594552551,0.0,0.0,1.0,1.0,7.040247844215826,0.4934283683201759,9.428303350276881,1,0.056687969888598845,3,0.0,0.5263157894736842,2,0.43154483416851097
Octotools/046,Math,Reasoning Hallucination,1,1,1,3,0.5,1.0,-2.420513966899968,-3.231214283650111,-7.172917594552551,2.5207252563977818,-7.172917594552551,2.5207252563977818,7.172917594552551,2.5207252563977818,9.693642850950333,7.172917594552551,0.0,0.0,1.0,7.040247844215826,0.4934283683201759,9.428303350276881,1,0.056687969888598845,3,0.0,0.5263157894736842,2,0.6184901714076367
Octotools/046,Math,Reasoning Hallucination,1,2,0,3,1.0,0.0,0.100211289497814,-0.7104890272523292,-4.652192338154769,0.0,2.5207252563977818,0.0,2.5207252563977818,0.0,-2.5207252563977818,4.652192338154769,2.5207252563977818,0.0,0.0,7.040247844215826,0.4934283683201759,9.428303350276881,1,0.056687969888598845,3,0.0,0.5263157894736842,2,0.6565306977320464
