id,dataset,run_slug,subject,generator,model,target,target_label,is_correct,final_answer_correct,rubric_score,has_answer_chunks,error_step_index,error_step_position,exit_status,reasoning_n_chunks,reasoning_start,reasoning_end,reasoning_end_minus_start,reasoning_std,reasoning_range,reasoning_min,reasoning_max,reasoning_early_mean,reasoning_mid_mean,reasoning_late_mean,reasoning_late_minus_early,reasoning_total_variation,reasoning_monotonicity,reasoning_direction_changes,reasoning_zero_crossings,reasoning_peak_pos,reasoning_trough_pos,reasoning_rebound_from_trough,reasoning_fall_from_peak,reasoning_max_rise,reasoning_max_drop,reasoning_max_rise_pos,reasoning_max_drop_pos,reasoning_curvature_abs_mean,reasoning_positive_mass,reasoning_negative_mass,reasoning_time_positive,reasoning_time_negative,answer_n_chunks,answer_start,answer_end,answer_end_minus_start,answer_std,answer_range,answer_min,answer_max,answer_early_mean,answer_mid_mean,answer_late_mean,answer_late_minus_early,answer_total_variation,answer_monotonicity,answer_direction_changes,answer_zero_crossings,answer_peak_pos,answer_trough_pos,answer_rebound_from_trough,answer_fall_from_peak,answer_max_rise,answer_max_drop,answer_max_rise_pos,answer_max_drop_pos,answer_curvature_abs_mean,answer_positive_mass,answer_negative_mass,answer_time_positive,answer_time_negative,reasoning_traj_t00,reasoning_traj_t01,reasoning_traj_t02,reasoning_traj_t03,reasoning_traj_t04,reasoning_traj_t05,reasoning_traj_t06,reasoning_traj_t07,reasoning_traj_t08,reasoning_traj_t09,reasoning_traj_t10,reasoning_traj_t11,reasoning_traj_t12,reasoning_traj_t13,reasoning_traj_t14,reasoning_traj_t15,reasoning_traj_t16,reasoning_traj_t17,reasoning_traj_t18,reasoning_traj_t19,answer_traj_t00,answer_traj_t01,answer_traj_t02,answer_traj_t03,answer_traj_t04,answer_traj_t05,answer_traj_t06,answer_traj_t07,answer_traj_t08,answer_traj_t09,answer_traj_t10,answer_traj_t11,answer_traj_t12,answer_traj_t13,answer_traj_t14,answer_traj_t15,answer_traj_t16,answer_traj_t17,answer_traj_t18,answer_traj_t19,answer_minus_reasoning_mean,answer_start_minus_reasoning_end,answer_end_minus_reasoning_end,answer_range_minus_reasoning_range,total_n_chunks,reasoning_pair_density,answer_pair_density
olympiadbench-0,processbench,olympiadbench,olympiadbench,Llama-3.1-70B-Instruct,,0,final_answer_correct,False,False,,False,2.0,0.6666666666666666,,4,6.8579612908408745,0.001163927550843269,-6.856797363290031,3.908072184964533,13.354459766581549,-6.496498475740673,6.8579612908408745,3.608673864536584,-3.8676963044165467,-2.706195407153956,-6.31486927169054,19.852122169873063,0.34539367149854056,1,2,0.0,0.6842105263157895,6.497662403291517,6.856797363290031,1.0829437338819208,1.083095808768097,0.7777777777777778,0.0,0.12033553014722373,1.2630940489653466,2.1656105250695203,0.4,0.6,0,,,,,,,,,,,,,,,,,,,,,,,,,,,,,6.8579612908408745,5.774865482072777,4.69176967330468,3.6086738645365837,2.525578055768487,1.44248224700039,0.3593864382322929,-0.7233122582705014,-1.8058123986406442,-2.888312539010787,-3.97081267938093,-5.053312819751074,-6.135812960121216,-6.496498475740673,-5.4135547418587535,-4.330611007976833,-3.247667274094915,-2.1647235402129974,-1.0817798063310775,0.001163927550843269,,,,,,,,,,,,,,,,,,,,,,,,,4,1.0,
olympiadbench-7,processbench,olympiadbench,olympiadbench,Llama-3.1-70B-Instruct,,0,final_answer_correct,False,False,,False,1.0,0.2,,6,8.036872041876995,-0.02673831539969207,-8.063610357276687,5.052705322284264,15.847448607208797,-7.810576565331802,8.036872041876995,5.622121533023716,-3.28882453407542,-4.5490524363906415,-10.171173969414358,23.631286857140907,0.3412260367378184,1,1,0.0,0.7894736842105263,7.78383824993211,8.063610357276687,2.1040756171983936,2.0999093080300466,0.9444444444444444,0.2777777777777778,0.37897363508503357,1.9677425365583006,2.5158043178435894,0.35,0.65,0,,,,,,,,,,,,,,,,,,,,,,,,,,,,,8.036872041876995,7.4998846825054555,6.962897323133916,6.425909963762376,5.576338214659136,3.47642890662909,1.3765195985990433,-0.7233897094310029,-2.1957097735638533,-2.726645971850907,-3.25758217013796,-3.788518368425014,-4.635840134005162,-5.6940856111140405,-6.75233108822292,-7.810576565331802,-6.3389651669948694,-4.234889549796479,-2.1308139325980857,-0.02673831539969207,,,,,,,,,,,,,,,,,,,,,,,,,6,1.0,
olympiadbench-16,processbench,olympiadbench,olympiadbench,Llama-3.1-70B-Instruct,,0,final_answer_correct,False,False,,False,4.0,1.0,,5,0.006360271265477025,-2.1360349544667314,-2.1423952257322085,4.425592394546575,14.191114013408317,-6.089336376612675,8.101777636795642,4.632309288423596,-0.3854159119610268,-4.300861448749805,-8.933170737173402,26.239832801084425,0.08164667976252,2,1,0.2631578947368421,0.7368421052631579,3.9533014221459433,10.237812591262374,1.7989845636749058,1.7990372477025565,0.0,0.2777777777777778,0.3500347118575155,2.027008135001455,1.8308538878644967,0.5,0.5,0,,,,,,,,,,,,,,,,,,,,,,,,,,,,,0.006360271265477025,1.805344834940383,3.6043293986152887,5.403313962290194,7.2022985259651,8.101777636795642,6.302740389093086,4.50370314139053,2.7046658936879737,0.9056286459854181,-0.671161799948839,-2.025705444114799,-3.3802490882807565,-4.7347927324467145,-6.089336376612675,-5.750297971887729,-4.84673221753248,-3.9431664631772323,-3.039600708821982,-2.1360349544667314,,,,,,,,,,,,,,,,,,,,,,,,,5,1.0,
olympiadbench-22,processbench,olympiadbench,olympiadbench,Llama-3.1-70B-Instruct,,0,final_answer_correct,False,False,,False,5.0,0.8333333333333334,,7,6.6253755769192795,-0.07324530069533657,-6.698620877614616,3.1791643125705336,11.516423730046041,-4.8910481531267616,6.6253755769192795,3.056430197628721,-1.6629609909934213,-2.7752106140962596,-5.831640811724981,16.334226582477466,0.41009721787504516,1,1,0.0,0.6842105263157895,4.817802852431425,6.698620877614616,1.2485258888552924,1.580810789166517,1.0,0.5555555555555556,0.3148998521843089,1.0859706416158958,1.4308196035224192,0.5,0.5,0,,,,,,,,,,,,,,,,,,,,,,,,,,,,,6.6253755769192795,5.240733202384881,3.8560908278504824,2.471448453316084,1.7072412621435724,1.0671211076434393,0.4270009531433061,0.17143006750820688,0.1081338163056248,0.04483756510304271,-0.7772159550815051,-2.358026744248022,-3.9388375334145356,-4.8910481531267616,-4.586058433930408,-4.281068714734054,-3.8188229672612106,-2.570297078405921,-1.321771189550629,-0.07324530069533657,,,,,,,,,,,,,,,,,,,,,,,,,7,0.7619047619047619,
olympiadbench-46,processbench,olympiadbench,olympiadbench,Llama-3.1-70B-Instruct,,0,final_answer_correct,False,False,,False,4.0,1.0,,5,6.410544023020902,-6.411437801055696,-12.821981824076598,3.2907937201615796,12.821981824076598,-6.411437801055696,6.410544023020902,0.5344153881501909,2.078773562961633,-3.048446037426796,-3.582861425576987,28.062119180826812,0.45691423878055154,2,3,0.0,1.0,0.0,12.821981824076598,1.7924199895717496,2.247257970689877,0.2777777777777778,0.0,0.39916566743678694,1.375496579968699,1.3754142583075997,0.5,0.5,0,,,,,,,,,,,,,,,,,,,,,,,,,,,,,6.410544023020902,4.163286052331025,1.916028081641148,-0.3312298890487293,-2.5784878597386065,-3.8158263403630777,-2.023406350791328,-0.23098636121957838,1.5614336283521713,3.353853617923921,3.8042423380120303,2.912599788616495,2.020957239220962,1.1293146898254292,0.23767214042989426,-0.9999015449405754,-2.352785608969354,-3.705669672998132,-5.058553737026914,-6.411437801055696,,,,,,,,,,,,,,,,,,,,,,,,,5,1.0,
olympiadbench-52,processbench,olympiadbench,olympiadbench,Llama-3.1-70B-Instruct,,0,final_answer_correct,False,False,,False,3.0,0.42857142857142855,,8,1.6213964858792473,5.717335440679436,4.095938954800189,4.385879979530838,11.943850817852212,-6.226515377172776,5.717335440679436,-0.07006768459952399,-4.584015999067415,4.358725746465221,4.4287934310647445,24.22759500839266,0.16906089743457073,4,2,1.0,0.5263157894736842,11.943850817852212,0.0,3.1624171124666884,3.702241784746282,0.6111111111111112,0.2222222222222222,0.8630834925752195,1.8427911943393465,2.164102759683209,0.55,0.45,0,,,,,,,,,,,,,,,,,,,,,,,,,,,,,1.6213964858792473,2.513714178539255,3.406031871199263,2.985618284600331,-0.7166235001459507,-4.418865284892233,-5.881745827376583,-5.665105438164485,-5.448465048952386,-5.790900555114712,-6.226515377172776,-6.1481256371558715,-2.985708524689183,0.17670858777750542,2.4058905850879304,3.3907590955233307,4.375627605958728,4.936049354134788,5.326692397407112,5.717335440679436,,,,,,,,,,,,,,,,,,,,,,,,,8,0.6071428571428571,
olympiadbench-63,processbench,olympiadbench,olympiadbench,Llama-3.1-70B-Instruct,,0,final_answer_correct,False,False,,False,2.0,0.2857142857142857,,8,4.789466300825798,0.58538447412839,-4.204081826697408,3.3741136903379063,13.910430940443007,-8.672877681225158,5.23755325921785,0.9901696445634414,0.3746155890876221,-2.24879501576173,-3.2389646603251716,34.17016825614905,0.12303368819206408,3,4,0.5789473684210527,0.7368421052631579,9.258262155353547,4.65216878508946,3.8004570120962224,6.04302153441054,0.7777777777777778,0.6111111111111112,1.4502501974705786,1.0412800969672567,1.2382437699179036,0.45,0.55,0,,,,,,,,,,,,,,,,,,,,,,,,,,,,,4.789466300825798,2.895663621414604,1.0018609420034101,-0.3679018253983154,-0.4275648127763695,-0.48722780015442363,-0.4731089139706157,-0.40365362261541127,-0.3341983312602068,1.704708546891369,4.0718573561756735,5.23755325921785,-0.8054682751926903,-6.8484898096032305,-8.672877681225158,-4.872420669128935,-1.07196365703272,0.16427680108256593,0.3748306376054779,0.58538447412839,,,,,,,,,,,,,,,,,,,,,,,,,8,0.6071428571428571,
olympiadbench-73,processbench,olympiadbench,olympiadbench,Llama-3.1-70B-Instruct,,0,final_answer_correct,False,False,,False,10.0,1.0,,11,3.001999245547778,0.27730821040940773,-2.7246910351383704,2.41609055130851,7.9517576333921465,-4.215906759932247,3.7358508734598996,0.25166571178031444,-2.2139530595833907,2.0592084000890485,1.807542688308734,28.634896350841682,0.09515281640117695,6,4,0.8947368421052632,0.21052631578947367,4.493214970341655,3.458542663050492,3.6598951157151323,3.772161368590051,0.2222222222222222,0.1111111111111111,1.5746340973842194,1.0409492737674544,1.1099873254718164,0.5,0.5,0,,,,,,,,,,,,,,,,,,,,,,,,,,,,,3.001999245547778,2.590010599073066,1.8420046803868213,-1.9301566882032297,-4.215906759932247,-0.556011644217115,1.029720549807128,-2.224260740114066,-3.767999564095665,-2.746374689167861,-2.3383747069823144,-2.5439996175390274,-1.7055667460329986,-0.17109535315180358,1.0601019222157517,2.1613245757917445,2.9834721140415903,3.7358508734598996,2.137192704615897,0.27730821040940773,,,,,,,,,,,,,,,,,,,,,,,,,11,0.36363636363636365,
olympiadbench-77,processbench,olympiadbench,olympiadbench,Llama-3.1-70B-Instruct,,0,final_answer_correct,False,False,,False,4.0,0.4444444444444444,,10,-0.11848652385230381,1.9807285737863942,2.099215097638698,3.0692461402047377,10.07074333774127,-5.332573104893327,4.738170232847944,0.8369534758626943,1.0567746795163186,-2.3727040803925417,-3.209657556255236,37.54088662389323,0.05591810120708854,6,5,0.10526315789473684,0.6842105263157895,7.313301678679721,2.7574416590615494,3.3086469150652182,4.8109172280282655,0.9444444444444444,0.6111111111111112,1.7726591493690105,1.3210186883944517,1.3700250581295597,0.45,0.55,0,,,,,,,,,,,,,,,,,,,,,,,,,,,,,-0.11848652385230381,2.30984185449782,4.738170232847944,1.985252264926416,-1.4153214962790681,-1.3488919563754875,-0.2918900447264603,1.383113795963843,3.3671186011747847,4.255166716649956,4.26644948033651,2.1345322477053648,-2.6763849803229007,-5.332573104893327,-3.679303022548059,-2.6682438075736266,-3.9049226283970917,-4.636565256344042,-1.3279183412788238,1.9807285737863942,,,,,,,,,,,,,,,,,,,,,,,,,10,0.4222222222222222,
olympiadbench-79,processbench,olympiadbench,olympiadbench,Llama-3.1-70B-Instruct,,0,final_answer_correct,False,False,,False,11.0,0.9166666666666666,,13,0.03828371938791701,2.337143470087864,2.298859750699947,2.6349642017379273,10.552351369644782,-6.1193532071816765,4.432998162463106,1.2983467125062023,-1.5384001682871629,0.0175854885172911,-1.2807612239889112,54.69202484450531,0.04203281478855146,8,8,0.15789473684210525,0.42105263157894735,8.456496677269541,2.0958546923752417,8.234530092440227,6.792780086300731,0.4444444444444444,0.5555555555555556,4.4898026408664595,1.0211697375744306,1.0999128005425796,0.55,0.45,0,,,,,,,,,,,,,,,,,,,,,,,,,,,,,0.03828371938791701,0.04908572526027344,1.3429196209732532,4.432998162463106,1.1601141569461149,-1.1551578857429798,3.2201834882557314,-0.15681977071606745,-6.1193532071816765,2.1151768852585517,2.836051888328311,-3.95672819797242,-3.4581422171129845,-2.0289865586138536,-0.06439446613713962,1.321594244857342,1.5698433896701514,-2.906266327288308,-2.152407380086163,2.337143470087864,,,,,,,,,,,,,,,,,,,,,,,,,13,0.28205128205128205,
olympiadbench-98,processbench,olympiadbench,olympiadbench,Llama-3.1-70B-Instruct,,0,final_answer_correct,False,False,,False,1.0,0.14285714285714285,,8,4.718733488631897,1.8800285961078336,-2.8387048925240634,3.541228821140663,10.271861284204615,-5.553127795572719,4.718733488631897,2.2118179303057155,-4.279373306493012,1.4475534123057272,-0.7642645179999883,17.78842184205872,0.15958160413152928,2,2,0.0,0.47368421052631576,7.433156391680552,2.8387048925240634,1.9416257309971265,2.512812502190898,0.6111111111111112,0.2222222222222222,0.49489720412407867,1.407420612195584,1.6967989701694197,0.55,0.45,0,,,,,,,,,,,,,,,,,,,,,,,,,,,,,4.718733488631897,4.697155654945875,4.675577821259853,3.9422186537152943,1.4294061515243968,-1.0834063506665013,-2.896959907270809,-4.186069254685174,-5.475178602099539,-5.553127795572719,-5.429216963389035,-5.045632574231999,-3.1040068432348726,-1.162381112237746,0.26125166992049903,0.9942271869602326,1.7272027039999645,1.9217306791946107,1.900879637651222,1.8800285961078336,,,,,,,,,,,,,,,,,,,,,,,,,8,0.6071428571428571,
olympiadbench-101,processbench,olympiadbench,olympiadbench,Llama-3.1-70B-Instruct,,0,final_answer_correct,False,False,,False,2.0,0.2,,11,0.032677431095036465,2.6743418256182796,2.641664394523243,2.613975718727902,9.399178144204413,-5.637121154055477,3.762056990148935,-1.1538472132591004,1.3982505513034855,-0.4751034913474559,0.6787437219116446,35.4497154859923,0.07451863458726707,6,4,0.47368421052631576,0.7894736842105263,8.311462979673756,1.0877151645306555,4.601532685423818,4.362150471793651,0.8888888888888888,0.7777777777777778,2.0739882949408317,1.0703808718941636,1.1273707509828657,0.6,0.4,0,,,,,,,,,,,,,,,,,,,,,,,,,,,,,0.032677431095036465,1.21723933490406,2.019353042509617,-0.6205670157160368,-2.929711283395374,-3.9157523888894445,-3.8801696133215606,-1.4607977819424356,1.0683200806747237,3.762056990148935,3.6976358290593803,0.8750565974060507,0.38787008682334606,1.4576120569543982,-1.2749706822618265,-5.637121154055477,-2.82832510007516,1.7732075853486577,2.4422465773407906,2.6743418256182796,,,,,,,,,,,,,,,,,,,,,,,,,11,0.36363636363636365,
olympiadbench-103,processbench,olympiadbench,olympiadbench,Llama-3.1-70B-Instruct,,0,final_answer_correct,False,False,,False,0.0,0.0,,5,8.573305373087369,-4.267245171272318,-12.840550544359687,4.502252336603652,14.66153660058686,-6.0882312274994925,8.573305373087369,4.674928608757598,-1.2402765977485746,-5.329130039716903,-10.004058648474501,16.482522656814034,0.7790403697125379,1,1,0.0,0.7368421052631579,1.8209860562271745,12.840550544359687,0.45503231544403366,1.3663157128730772,0.9444444444444444,0.05555555555555555,0.20466923887009902,1.7389395650890944,2.135550373151007,0.5,0.5,0,,,,,,,,,,,,,,,,,,,,,,,,,,,,,8.573305373087369,7.206989660214292,5.840673947341215,4.474358234468139,3.1080425215950616,1.9757255787263548,1.5454049458707584,1.1150843130151618,0.6847636801595653,0.2544430473039687,-0.6415521533877916,-2.0032219219157184,-3.364891690443642,-4.726561458971566,-6.0882312274994925,-6.08737443304845,-5.632342117604417,-5.177309802160385,-4.722277486716352,-4.267245171272318,,,,,,,,,,,,,,,,,,,,,,,,,5,1.0,
olympiadbench-109,processbench,olympiadbench,olympiadbench,Llama-3.1-70B-Instruct,,0,final_answer_correct,False,False,,False,10.0,1.0,,11,7.302297402106358,2.4319292645811115,-4.870368137525247,3.103091992221728,12.011071548587724,-4.708774146481366,7.302297402106358,3.284087303486632,-2.0987203231998715,-2.06603176940034,-5.350119072886972,26.889766423584373,0.1811234824730037,5,2,0.0,0.8947368421052632,7.140703411062477,4.870368137525247,3.82307947637958,3.6759588095199582,1.0,0.0,1.071626736463824,1.2710270194493767,1.4759581071691126,0.4,0.6,0,,,,,,,,,,,,,,,,,,,,,,,,,,,,,7.302297402106358,3.6263385925864,0.530814699895169,2.659205058662488,4.145362237860619,3.0625866987819954,1.6620064345133927,-0.4801181885318324,-1.8906900546540677,-2.2039327853918143,-2.374819045916995,-2.40334883622961,-2.5534730742543292,-2.7846602774204525,-2.720685233390271,-2.530212083418814,-3.47729820589423,-4.708774146481366,-1.3911502117984686,2.4319292645811115,,,,,,,,,,,,,,,,,,,,,,,,,11,0.36363636363636365,
olympiadbench-112,processbench,olympiadbench,olympiadbench,Llama-3.1-70B-Instruct,,0,final_answer_correct,False,False,,False,1.0,0.14285714285714285,,8,4.551463607497507,4.722462285757704,0.17099867826019732,2.5932538041860638,9.049021846068618,-4.326559560310914,4.722462285757704,-0.714302693247045,-1.90444805812193,1.799796173681929,2.514098866928974,27.957415029489553,0.0061163980317861105,5,2,1.0,0.15789473684210525,9.049021846068618,0.0,1.8249292361028995,3.4629484550981444,0.16666666666666666,0.0,0.9682007535465966,0.9212171867866257,1.297841097661188,0.3,0.7,0,,,,,,,,,,,,,,,,,,,,,,,,,,,,,4.551463607497507,1.0885151523993621,-2.3744333026987823,-4.326559560310914,-2.5016303242080142,-0.6767010881051148,-0.7607733373033589,-2.2765967004774597,-3.792420063651561,-2.742734221566791,-1.2654635119388766,-0.1349076202763668,-1.084640636406273,-2.0343736525361793,-1.845870110269622,-0.13971782347444783,1.5664344633207228,2.7561580559189105,3.739310170838307,4.722462285757704,,,,,,,,,,,,,,,,,,,,,,,,,8,0.6071428571428571,
olympiadbench-113,processbench,olympiadbench,olympiadbench,Llama-3.1-70B-Instruct,,0,final_answer_correct,False,False,,False,4.0,0.3076923076923077,,14,0.09441202325478011,-0.17147230483981296,-0.26588432809459306,1.7046241334829686,6.678829107194991,-2.6117761259438694,4.067052981251122,-0.10717525013493881,0.6522845271159378,-0.755757140381765,-0.6485818902468262,28.08245995087979,0.009467985659363977,8,5,0.631578947368421,0.3157894736842105,2.4403038211040564,4.238525286090934,3.087949115445596,3.242422733278028,0.5555555555555556,0.6666666666666666,2.157381832423402,0.6648692449746127,0.7008081401457926,0.5,0.5,0,,,,,,,,,,,,,,,,,,,,,,,,,,,,,0.09441202325478011,1.5942608988605054,1.4385899464789373,-0.0188744045388254,-0.06965559417875589,-1.1771834948773436,-2.6117761259438694,-2.2126579547699055,0.030967450594656665,1.667926606576443,-1.4499383786297204,1.6380107368158754,4.067052981251122,0.8246302479730936,1.22245515606875,0.7190788516180922,-2.2852005249426663,-2.385392240129876,-1.6340117800650773,-0.17147230483981296,,,,,,,,,,,,,,,,,,,,,,,,,14,0.25274725274725274,
olympiadbench-114,processbench,olympiadbench,olympiadbench,Llama-3.1-70B-Instruct,,0,final_answer_correct,False,False,,False,2.0,0.2857142857142857,,8,4.654879698598678,9.335297858091582,4.680418159492905,4.222860414637041,16.501803768116588,-7.1665059100250055,9.335297858091582,-1.9657760894357943,-3.046282135669108,3.941978611837611,5.907754701273405,40.46938098483655,0.11565331728811488,3,4,1.0,0.5789473684210527,16.501803768116588,0.0,2.7943040639773082,4.0850615474644,0.6666666666666666,0.0,1.0755435570885001,1.446936048193207,2.018562843428639,0.45,0.55,0,,,,,,,,,,,,,,,,,,,,,,,,,,,,,4.654879698598678,0.5698181511342781,-3.5152433963301215,-6.010944360942629,-4.533243868425407,-3.055543375908184,-1.8701554741771766,-0.9040020155358308,0.06215144310551457,-2.2522052354885327,-5.113313603621813,-7.1665059100250055,-4.372201846047698,-1.5778977820703899,0.3651159480116688,1.1730758995667234,1.981035851121776,4.086464790125417,6.7108813241085,9.335297858091582,,,,,,,,,,,,,,,,,,,,,,,,,8,0.6071428571428571,
olympiadbench-129,processbench,olympiadbench,olympiadbench,Llama-3.1-70B-Instruct,,0,final_answer_correct,False,False,,False,2.0,0.6666666666666666,,4,6.8579612908408745,0.001163927550843269,-6.856797363290031,3.908072184964533,13.354459766581549,-6.496498475740673,6.8579612908408745,3.608673864536584,-3.8676963044165467,-2.706195407153956,-6.31486927169054,19.852122169873063,0.34539367149854056,1,2,0.0,0.6842105263157895,6.497662403291517,6.856797363290031,1.0829437338819208,1.083095808768097,0.7777777777777778,0.0,0.12033553014722373,1.2630940489653466,2.1656105250695203,0.4,0.6,0,,,,,,,,,,,,,,,,,,,,,,,,,,,,,6.8579612908408745,5.774865482072777,4.69176967330468,3.6086738645365837,2.525578055768487,1.44248224700039,0.3593864382322929,-0.7233122582705014,-1.8058123986406442,-2.888312539010787,-3.97081267938093,-5.053312819751074,-6.135812960121216,-6.496498475740673,-5.4135547418587535,-4.330611007976833,-3.247667274094915,-2.1647235402129974,-1.0817798063310775,0.001163927550843269,,,,,,,,,,,,,,,,,,,,,,,,,4,1.0,
olympiadbench-137,processbench,olympiadbench,olympiadbench,Llama-3.1-70B-Instruct,,0,final_answer_correct,False,False,,False,11.0,1.0,,12,2.8362232939917065,-4.876992059861431,-7.713215353853137,2.991609016223692,12.389010193607788,-6.0049136948768185,6.384096498730971,0.521719592558439,0.5729726589750234,-1.2282082810112012,-1.7499278735696402,58.58887088619455,0.13164983788193504,8,7,0.631578947368421,0.7368421052631579,1.1279216350153876,11.261088558592402,6.309078621375848,6.758427996809795,0.6111111111111112,0.6666666666666666,4.060510549916374,1.225238496322532,1.2105586925891803,0.55,0.45,0,,,,,,,,,,,,,,,,,,,,,,,,,,,,,2.8362232939917065,1.4558829829603745,0.9088941151670487,2.5841757626750743,1.439722685557782,-2.0545093287472773,-3.5183523636956355,-3.9644799931575174,1.254570922563846,2.7830197778893817,-2.147084972477815,0.07501787735512222,6.384096498730971,-0.37433149807882415,-6.0049136948768185,-0.6798118134379587,2.304214828029157,2.478951181530176,-0.5906981274503309,-4.876992059861431,,,,,,,,,,,,,,,,,,,,,,,,,12,0.3181818181818182,
olympiadbench-138,processbench,olympiadbench,olympiadbench,Llama-3.1-70B-Instruct,,0,final_answer_correct,False,False,,False,7.0,0.4666666666666667,,16,2.6776003472938554,-0.21887634455528948,-2.896476691849145,2.47625752832589,8.516651559310796,-3.8215303221484915,4.695121237162304,0.6067502447915264,-0.08451277788608451,-0.5193302283677442,-1.1260804731592706,49.52739422953919,0.05848231543184286,9,9,0.3157894736842105,0.6842105263157895,3.602653977593202,4.913997581717593,5.187296762253971,4.1169394214944415,0.5,0.0,3.460806129071883,1.032898134394189,1.0059140894876077,0.55,0.45,0,,,,,,,,,,,,,,,,,,,,,,,,,,,,,2.6776003472938554,-1.439339074200586,-2.6175062671348486,-1.7282544391987211,0.3058845214176859,2.3537453882009953,4.695121237162304,3.7222050404019553,0.7561055930971345,-1.5460952742731844,3.6412014879807866,0.11821175104707571,-3.461687721307868,-3.8215303221484915,0.1339791616018674,-1.7053335337404472,1.793909016165665,0.4599991435144588,-3.5796588131927196,-0.21887634455528948,,,,,,,,,,,,,,,,,,,,,,,,,16,0.20833333333333334,
olympiadbench-147,processbench,olympiadbench,olympiadbench,Llama-3.1-70B-Instruct,,0,final_answer_correct,False,False,,False,2.0,0.4,,6,6.030048382204962,4.02201636483848,-2.0080320173664816,3.5401829015441457,13.456314243203572,-7.426265860998611,6.030048382204962,-1.5555667392513308,0.9329898814576322,-1.5662365029523466,-0.0106697637010158,43.3378806752385,0.046334338137438945,3,4,0.0,0.21052631578947367,11.44828222583709,2.0080320173664816,3.1727946667651725,3.7081245201464745,0.2222222222222222,0.0,0.877702931424251,1.189641472642301,1.8774143237558,0.45,0.55,0,,,,,,,,,,,,,,,,,,,,,,,,,,,,,6.030048382204962,2.321923862058487,-1.3862006580879873,-5.094325178234461,-7.426265860998611,-4.2534711942334384,-1.080676527468266,2.0921181392969057,3.5719775104651674,2.512433938238055,1.452890366010943,0.39334679378382953,-0.966169628028136,-2.5256679495633385,-4.085166271098545,-5.644664592633751,-3.8558104418293704,-1.2298681729400904,1.3960740959491948,4.02201636483848,,,,,,,,,,,,,,,,,,,,,,,,,6,1.0,
olympiadbench-148,processbench,olympiadbench,olympiadbench,Llama-3.1-70B-Instruct,,0,final_answer_correct,False,False,,False,1.0,0.14285714285714285,,8,-0.12413478088159247,2.201621449514979,2.3257562303965713,1.2943887643163505,4.264884238624614,-2.0632627891096353,2.201621449514979,0.4975143597111763,-0.940816189471447,0.20887764995639305,-0.2886367097547833,16.580241117946475,0.14027276285380252,4,5,1.0,0.47368421052631576,4.264884238624614,0.0,1.662837229250224,1.7039283074095135,0.9444444444444444,0.7777777777777778,0.7037213795604145,0.4785450534818879,0.5710373989110646,0.4,0.6,0,,,,,,,,,,,,,,,,,,,,,,,,,,,,,-0.12413478088159247,-0.10592572308531903,-0.0877166652890456,0.14164395897554272,0.8988834994109183,1.6561230398462938,1.1037271890014364,-0.43089520530359593,-1.9655175996086287,-2.0632627891096353,-1.9215284444766372,-1.5835578507673753,-0.06816976260054353,1.4472183255662885,1.5828993870575434,-0.1210289203519701,-1.8249572277614798,-1.124053008985469,0.538784220264755,2.201621449514979,,,,,,,,,,,,,,,,,,,,,,,,,8,0.6071428571428571,
olympiadbench-151,processbench,olympiadbench,olympiadbench,Llama-3.1-70B-Instruct,,0,final_answer_correct,False,False,,False,3.0,1.0,,4,4.571283853272524,-4.576770205625392,-9.148054058897916,4.047487576830062,9.148054058897916,-4.576770205625392,4.571283853272524,4.562904155484691,-0.6475937941513391,-4.565455793330636,-9.128359948815326,9.148054058897916,1.0,0,1,0.0,1.0,0.0,9.148054058897916,-0.002793232595943884,1.4371105907331945,0.0,0.5555555555555556,0.15927234355291928,1.9207778137610756,1.9200559252935931,0.5,0.5,0,,,,,,,,,,,,,,,,,,,,,,,,,,,,,4.571283853272524,4.56849062067658,4.565697388080636,4.562904155484692,4.5601109228887475,4.557317690292804,4.55452445769686,3.5955196530094167,2.1584090622762235,0.7212984715430308,-0.7158121191901623,-2.1529227099233568,-3.5900333006565486,-4.549615616117978,-4.554141381035881,-4.558667145953782,-4.563192910871685,-4.567718675789587,-4.57224444070749,-4.576770205625392,,,,,,,,,,,,,,,,,,,,,,,,,4,1.0,
olympiadbench-158,processbench,olympiadbench,olympiadbench,Llama-3.1-70B-Instruct,,0,final_answer_correct,False,False,,False,0.0,0.0,,10,2.3325047657850524,0.2842455756062446,-2.0482591901788076,2.5058616102130733,8.90233006660502,-4.5429398104775265,4.359390256127493,0.03899335853383423,0.13042633300544246,-0.42719581042664134,-0.4661891689604756,38.34880447373781,0.05341129191084706,5,6,0.5263157894736842,0.8947368421052632,4.827185386083771,4.075144680521248,4.245558388543272,5.227217377562029,0.7222222222222222,0.6111111111111112,2.3582469198001643,1.04676523090458,1.1156270819938257,0.5,0.5,0,,,,,,,,,,,,,,,,,,,,,,,,,,,,,2.3325047657850524,2.248534571953479,2.164564378121906,0.20418390951969312,-1.9907478434288501,-2.3960520870546875,-2.2900341851597523,-2.1219290192369735,-1.922780221300273,0.37775174862012917,4.359390256127493,4.248203925826239,-0.9790134517357902,-3.0486389072627276,1.1969194812805446,3.5190060052508225,-0.8910589967842926,-4.5429398104775265,-2.1293471174356404,0.2842455756062446,,,,,,,,,,,,,,,,,,,,,,,,,10,0.4222222222222222,
olympiadbench-160,processbench,olympiadbench,olympiadbench,Llama-3.1-70B-Instruct,,0,final_answer_correct,False,False,,False,2.0,0.15384615384615385,,14,2.4849764372411465,-2.5892021080934575,-5.074178545334604,2.0998417104937035,5.9321124906759986,-2.8377282137341227,3.094384276941876,0.8579800019332955,-0.8558272610951209,0.11135044170679816,-0.7466295602264973,41.96564689240938,0.12091267312865862,8,9,0.8947368421052632,0.3684210526315789,0.24852610564066513,5.683586385035333,4.068319946378029,5.1772713023974415,0.1111111111111111,1.0,3.131889850643695,0.9964966103372733,0.9623380185318726,0.45,0.55,0,,,,,,,,,,,,,,,,,,,,,,,,,,,,,2.4849764372411465,-2.4950893859432672,-2.4589087169869392,1.6094112293910894,2.46772429995328,2.6518391912242953,1.7459069586534643,-2.8377282137341227,-1.2094630989142594,1.45247440982561,-1.6428286753419044,-2.300279459625844,-1.2881119990860497,1.835146209210723,-0.39491728926148095,-1.7787930270316519,-0.2514383966184801,3.094384276941876,2.5880691943039835,-2.5892021080934575,,,,,,,,,,,,,,,,,,,,,,,,,14,0.25274725274725274,
olympiadbench-165,processbench,olympiadbench,olympiadbench,Llama-3.1-70B-Instruct,,0,final_answer_correct,False,False,,False,2.0,0.4,,6,1.9993376453858336,4.065200178408113,2.0658625330222797,3.0257211164355406,11.037265361908734,-6.9720651835006215,4.065200178408113,0.9332171868070539,-3.1062598686013345,1.1520762566666363,0.21885906985958237,23.2866352049992,0.088714514348504,3,2,1.0,0.5789473684210527,11.037265361908734,0.0,2.1153699827617487,2.643560458562744,0.7222222222222222,0.5555555555555556,0.5602781043857852,0.9517761277378864,1.3667181893658937,0.65,0.35,0,,,,,,,,,,,,,,,,,,,,,,,,,,,,,1.9993376453858336,1.4574052650080254,0.9154728846302171,0.3735405042524089,0.0492601670902957,0.5955880027909639,1.141915838491632,1.6882436741923001,0.9586161921876071,-1.684944266375135,-4.328504724937877,-6.9720651835006215,-6.760267377268679,-4.644897394506936,-2.529527411745187,-0.4141574289834393,0.8628710119561102,1.9303140674401096,2.997757122924112,4.065200178408113,,,,,,,,,,,,,,,,,,,,,,,,,6,1.0,
olympiadbench-176,processbench,olympiadbench,olympiadbench,Llama-3.1-70B-Instruct,,0,final_answer_correct,False,False,,False,2.0,0.2857142857142857,,8,7.37559607837016,-3.7157655287293836,-11.091361607099543,3.4173332842514426,12.890431197416177,-5.514835119046017,7.37559607837016,0.21774648254045387,1.6226222515299014,-2.575469223879923,-2.793215706420377,33.08188585752603,0.33526993155307955,2,3,0.0,0.2631578947368421,1.7990695903166336,11.091361607099543,4.701532213179411,2.5987216802447826,0.3888888888888889,0.0,0.9690039572806284,1.3326476673594378,1.4611593775987906,0.35,0.65,0,,,,,,,,,,,,,,,,,,,,,,,,,,,,,7.37559607837016,4.776874398125377,2.178152717880595,-0.40767181188822166,-2.96125346546712,-5.514835119046017,-3.9226374201915966,0.7788947929878143,5.480427006167226,4.18118796727871,1.8818203863788732,-0.11809844726433534,-0.3213247973677708,-0.5245511474712063,-0.9808131660463781,-1.7744560759171975,-2.5680989857880148,-3.0371992149559155,-3.3764823718426493,-3.7157655287293836,,,,,,,,,,,,,,,,,,,,,,,,,8,0.6071428571428571,
olympiadbench-178,processbench,olympiadbench,olympiadbench,Llama-3.1-70B-Instruct,,0,final_answer_correct,False,False,,False,3.0,0.3333333333333333,,10,6.999697289725384,-2.307154995766011,-9.306852285491395,2.50537120689071,11.088558705000821,-4.088861415275437,6.999697289725384,1.2200309697724805,-0.158506234145035,-1.6500720419126658,-2.8701030116851465,31.129268222638988,0.29897433562935216,6,3,0.0,0.10526315789473684,1.7817064195094257,9.306852285491395,3.351232273639319,5.544279352500411,0.16666666666666666,0.0,1.4271438302252824,0.9502764880295131,1.073764443133707,0.5,0.5,0,,,,,,,,,,,,,,,,,,,,,,,,,,,,,6.999697289725384,1.4554179372249738,-4.088861415275437,-1.7260193223183111,1.625212951321008,2.228381154055475,2.0463881936742707,1.289494163802737,0.2451495991860395,0.454608176349655,1.6671092669375207,0.9940710283131999,-2.0358913718263545,-3.7240845017780426,-2.728739091353987,-1.7966860747156586,-1.0861564363273735,-0.552078770286639,-1.4296168830263252,-2.307154995766011,,,,,,,,,,,,,,,,,,,,,,,,,10,0.4222222222222222,
olympiadbench-183,processbench,olympiadbench,olympiadbench,Llama-3.1-70B-Instruct,,0,final_answer_correct,False,False,,False,2.0,0.6666666666666666,,4,2.27421138888747,0.007406945557453248,-2.2668044433300167,2.3486881241835946,6.619473101048005,-4.330460542249363,2.289012558798642,2.2816119738430563,-1.596473649369162,-1.8000378410287208,-4.081649814871777,10.972141758765993,0.2065963503906605,2,2,0.3157894736842105,0.6842105263157895,4.337867487806816,2.281605613241189,0.7229779146344701,1.0833612673384407,1.0,0.5555555555555556,0.16067596172017876,0.901525874868384,1.201738813611137,0.5,0.5,0,,,,,,,,,,,,,,,,,,,,,,,,,,,,,2.27421138888747,2.276678250539332,2.279145112191194,2.281611973843056,2.2840788354949177,2.28654569714678,2.289012558798642,1.5675940011236364,0.48423273378519727,-0.5991285335532419,-1.6824898008916809,-2.7658510682301216,-3.8492123355685592,-4.330460542249363,-3.6074826276148935,-2.8845047129804238,-2.161526798345955,-1.4385488837114866,-0.7155709690770169,0.007406945557453248,,,,,,,,,,,,,,,,,,,,,,,,,4,1.0,
olympiadbench-194,processbench,olympiadbench,olympiadbench,Llama-3.1-70B-Instruct,,0,final_answer_correct,False,False,,False,3.0,1.0,,4,2.285766417217175,-2.276362831758565,-4.56212924897574,2.0221618443632043,4.567478058482418,-2.2817116412652427,2.285766417217175,2.279532162062357,-0.3299889139487248,-2.2785915023863477,-4.558123664448704,4.572826867989095,0.997660611406865,1,1,0.0,0.6842105263157895,0.005348809506677821,4.56212924897574,0.0008914682511131922,0.7191495804062038,0.7777777777777778,0.5555555555555556,0.07983958577843991,0.958939643403825,0.9601769572799578,0.5,0.5,0,,,,,,,,,,,,,,,,,,,,,,,,,,,,,2.285766417217175,2.283688332165569,2.281610247113963,2.279532162062357,2.2774540770107508,2.275375991959145,2.2732979069075387,1.7931721582862017,1.074022577879999,0.3548729974737963,-0.36427658293240617,-1.08342616333861,-1.8025757437448116,-2.2817116412652427,-2.28082017301413,-2.279928704763017,-2.279037236511904,-2.278145768260791,-2.277254300009678,-2.276362831758565,,,,,,,,,,,,,,,,,,,,,,,,,4,1.0,
olympiadbench-501,processbench,olympiadbench,olympiadbench,Llama-3.1-70B-Instruct,,1,final_answer_correct,True,True,,False,,,,4,6.851263368467437,-2.291335421164897,-9.142598789632334,3.4651894074671117,11.299800077233552,-4.448536708766116,6.851263368467437,3.609932272718272,-2.589760078667677,-3.1901692909987376,-6.80010156371701,13.457001364834774,0.6793934652873974,1,1,0.0,0.6842105263157895,2.157201287601219,9.142598789632334,0.35953354793353665,1.0804436985830552,0.7222222222222222,0.0,0.07999873591758855,1.2634762954513952,1.8634668148333084,0.35,0.65,0,,,,,,,,,,,,,,,,,,,,,,,,,,,,,6.851263368467437,5.770819669884382,4.690375971301327,3.6099322727182717,2.5294885741352164,1.4490448755521612,0.368601176969106,-0.47331877542019873,-1.1959768547126273,-1.918634934005056,-2.6412930132974846,-3.3639510925899136,-4.086609171882341,-4.448536708766116,-4.089003160832579,-3.7294696128990426,-3.3699360649655064,-3.01040251703197,-2.6508689690984335,-2.291335421164897,,,,,,,,,,,,,,,,,,,,,,,,,4,1.0,
olympiadbench-541,processbench,olympiadbench,olympiadbench,Llama-3.1-70B-Instruct,,1,final_answer_correct,True,True,,False,,,,9,6.974889072643398,-0.353722027167086,-7.328611099810484,3.1518988774322594,12.640089314408039,-5.665200241764641,6.974889072643398,2.3137207060933678,-0.023572544247459755,-3.39502881744605,-5.708749523539417,31.70522512418426,0.2311483697436462,7,3,0.0,0.8947368421052632,5.311478214597555,7.328611099810484,3.009480308624006,3.0391025471643083,0.4444444444444444,0.5555555555555556,1.5411470930291868,1.1577077171361498,1.374664505723897,0.5,0.5,0,,,,,,,,,,,,,,,,,,,,,,,,,,,,,6.974889072643398,4.044829483606955,1.1147698945705136,0.644869961040548,1.6510658208144697,1.898078595426223,-0.13245788544853365,-2.1629943663232902,0.21648384361336825,3.225964152237374,3.2111530329672284,0.17205048580292015,-2.472497890175658,-2.3551670678541616,-2.2378362455326655,-3.6145873927047294,-5.489365863041311,-5.665200241764641,-3.0094611344658633,-0.353722027167086,,,,,,,,,,,,,,,,,,,,,,,,,9,0.5,
olympiadbench-547,processbench,olympiadbench,olympiadbench,Llama-3.1-70B-Instruct,,1,final_answer_correct,True,True,,False,,,,5,6.416074501815051,-2.165449864538039,-8.58152436635309,2.7439832970660114,10.216266013615154,-3.8001915118001035,6.416074501815051,2.461119274635801,-2.65113358132951,-1.0833329781967715,-3.5444522528325724,15.729852243795893,0.545556578240446,2,1,0.0,0.5263157894736842,1.6347416472620644,8.58152436635309,0.8935409846803517,1.350967328009089,0.7222222222222222,0.05555555555555555,0.199632066668257,0.9285349614492185,1.3200398622510483,0.25,0.75,0,,,,,,,,,,,,,,,,,,,,,,,,,,,,,6.416074501815051,5.065107173805963,3.7141398457968737,2.3631725177877856,1.0122051897786966,-0.22449092190770698,-1.1183733846260562,-2.012255847344405,-2.906138310062754,-3.800020772781103,-3.8001915118001035,-2.9066505271197522,-2.0131095424394023,-1.1195685577590528,-0.22602757307870114,-0.34413825390273306,-0.7994661565615592,-1.2547940592203852,-1.7101219618792123,-2.165449864538039,,,,,,,,,,,,,,,,,,,,,,,,,5,1.0,
olympiadbench-553,processbench,olympiadbench,olympiadbench,Llama-3.1-70B-Instruct,,1,final_answer_correct,True,True,,False,,,,6,6.026917835838558,3.966000285366928,-2.0609175504716295,3.7542277198148977,13.537790970022968,-7.510873134184411,6.026917835838558,2.305301985957906,-2.049686141247799,-2.57730507454199,-4.882607060499896,37.67282994129521,0.05470567392157994,3,4,0.0,0.7894736842105263,11.476873419551339,2.0609175504716295,3.159867829031227,2.653121653836525,0.9444444444444444,0.7777777777777778,0.8784355444028642,1.2853997044534464,1.969125681167506,0.45,0.55,0,,,,,,,,,,,,,,,,,,,,,,,,,,,,,6.026917835838558,4.963173112525432,3.8994283892123063,2.8356836658991806,1.5656794003866707,-0.529363033923379,-2.6244054682334292,-4.719447902543479,-5.132595659681452,-3.022901401061302,-0.9132071424411521,1.196487116179,0.44849182732515547,-2.2046298265113626,-4.857751480347886,-7.510873134184411,-5.513603201726745,-2.3537353726955255,0.8061324563357015,3.966000285366928,,,,,,,,,,,,,,,,,,,,,,,,,6,1.0,
olympiadbench-558,processbench,olympiadbench,olympiadbench,Llama-3.1-70B-Instruct,,1,final_answer_correct,True,True,,False,,,,5,6.429885461713253,6.416928826723568,-0.012956634989684801,4.593596515456687,14.325152425974885,-7.895266964261632,6.429885461713253,1.116462081302385,-6.1533984886062445,1.9322284392642517,0.8157663579618668,28.637348216960085,0.0004524383644576214,1,2,0.0,0.5263157894736842,14.3121957909852,0.012956634989684801,1.8013302590644944,1.8031328157781887,1.0,0.0,0.20024794860237158,1.4880239352345597,2.6712831460116355,0.4,0.6,0,,,,,,,,,,,,,,,,,,,,,,,,,,,,,6.429885461713253,4.626752645935064,2.8236198301568756,1.0204870143786868,-0.7826458013995019,-2.4738077057667103,-3.8290568759009767,-5.184306046035243,-6.539555216169509,-7.894804386303775,-7.895266964261632,-6.540942950043075,-5.186618935824519,-3.832294921605964,-2.477970907387407,-0.7883922095343978,1.0129380495300917,2.8142683085945808,4.615598567659074,6.416928826723568,,,,,,,,,,,,,,,,,,,,,,,,,5,1.0,
olympiadbench-563,processbench,olympiadbench,olympiadbench,Llama-3.1-70B-Instruct,,1,final_answer_correct,True,True,,False,,,,4,6.8671643713500465,-4.580606748067634,-11.44777111941768,3.329700526836524,11.44777111941768,-4.580606748067634,6.8671643713500465,3.6135087864997812,-1.323627631234882,-3.6744041650381774,-7.287912951537958,11.44777111941768,1.0,0,1,0.0,1.0,0.0,11.44777111941768,-0.36050991350056916,1.0845518616167555,0.6111111111111112,0.16666666666666666,0.04033405932374487,1.2647280752749235,1.565590920443662,0.35,0.65,0,,,,,,,,,,,,,,,,,,,,,,,,,,,,,6.8671643713500465,5.782612509733291,4.698060648116536,3.6135087864997817,2.528956924883026,1.444405063266272,0.35985320164951684,-0.24200402788978193,-0.6025139413903516,-0.9630238548909213,-1.323533768391491,-1.6840436818920612,-2.0445535953926304,-2.4057205487969378,-2.7682015820087207,-3.1306826152205036,-3.4931636484322857,-3.855644681644068,-4.2181257148558515,-4.580606748067634,,,,,,,,,,,,,,,,,,,,,,,,,4,1.0,
olympiadbench-573,processbench,olympiadbench,olympiadbench,Llama-3.1-70B-Instruct,,1,final_answer_correct,True,True,,False,,,,10,4.670953437732935,2.287040512659639,-2.383912925073296,3.0478824510959823,9.807455302743188,-5.136501865010253,4.670953437732935,1.4651016530559249,-0.23596584504851842,-2.0443421225343044,-3.5094437755902295,29.618690951421456,0.08048677536030295,3,4,0.0,0.7894736842105263,7.423542377669891,2.383912925073296,3.9066618414155405,3.976118088438472,0.3888888888888889,0.5,1.1547142350481745,1.2085697724307094,1.3916748763884086,0.5,0.5,0,,,,,,,,,,,,,,,,,,,,,,,,,,,,,4.670953437732935,3.8606565441453373,3.0503596505577395,1.597118359282493,0.06350901829629008,-1.0175580690290889,-1.9693273695942324,0.3178574244944139,4.224519265909954,3.7518589240732663,-0.22425916436520588,-2.667567879620379,-3.1948648783964204,-3.8593046074352597,-4.798029796999698,-5.136501865010253,-3.374088007582241,-1.591995889735395,0.347522311462122,2.287040512659639,,,,,,,,,,,,,,,,,,,,,,,,,10,0.4222222222222222,
olympiadbench-591,processbench,olympiadbench,olympiadbench,Llama-3.1-70B-Instruct,,1,final_answer_correct,True,True,,False,,,,5,4.2702340651104915,6.415939445278907,2.1457053801684154,3.8332869406164334,12.59224435982639,-6.176304914547483,6.415939445278907,1.471296611263551,-5.024081149551089,0.8640725502509938,-0.6072240610125572,23.03878333948436,0.09313449189354801,1,2,1.0,0.5263157894736842,12.59224435982639,0.0,2.250805605418785,1.3450733179215928,0.9444444444444444,0.3888888888888889,0.22442625784775583,1.241688792255457,2.2259416155807967,0.4,0.6,0,,,,,,,,,,,,,,,,,,,,,,,,,,,,,4.2702340651104915,3.3689544651081222,2.4676748651057534,1.5663952651033841,0.6651156651010153,-0.34711236438115933,-1.6921856823027517,-3.0372590002243443,-4.382332318145937,-5.727405636067529,-6.176304914547483,-5.7290301535857955,-5.281755392624109,-4.834480631662422,-4.387205870700734,-2.5872829763962244,-0.3364773709774438,1.9143282344413368,4.165133839860122,6.415939445278907,,,,,,,,,,,,,,,,,,,,,,,,,5,1.0,
olympiadbench-597,processbench,olympiadbench,olympiadbench,Llama-3.1-70B-Instruct,,1,final_answer_correct,True,True,,False,,,,4,4.570549095415956,-2.2752873823798865,-6.845836477795842,2.233270960763638,6.856287171508996,-2.2857380760930406,4.570549095415956,2.4013159772909938,-1.3102176021716068,-2.2796418380937005,-4.680957815384694,6.8667378652221505,0.9969561401881719,1,1,0.0,0.6842105263157895,0.010450693713154102,6.845836477795842,0.0017417822855256837,0.7230777060416544,0.7222222222222222,0.1111111111111111,0.04026774935151011,0.8404605920518478,1.1424687121881727,0.35,0.65,0,,,,,,,,,,,,,,,,,,,,,,,,,,,,,4.570549095415956,3.8474713893743018,3.1243936833326478,2.4013159772909933,1.6782382712493393,0.9551605652076853,0.23208285916603089,-0.24866679309420753,-0.6082524184637383,-0.9678380438332692,-1.3274236692028,-1.6870092945723312,-2.0465949199418616,-2.2857380760930406,-2.283996293807515,-2.282254511521989,-2.2805127292364635,-2.278770946950938,-2.277029164665412,-2.2752873823798865,,,,,,,,,,,,,,,,,,,,,,,,,4,1.0,
olympiadbench-622,processbench,olympiadbench,olympiadbench,Llama-3.1-70B-Instruct,,1,final_answer_correct,True,True,,False,,,,9,2.5777459515530077,7.358092322770143,4.780346371217135,3.121768523419077,11.909001611967003,-4.550909289196859,7.358092322770143,-0.23676871543503258,-1.467850916270585,1.0026416522741581,1.2394103677091908,32.03235689105159,0.14923492478171502,5,4,1.0,0.47368421052631576,11.909001611967003,0.0,5.028853553645959,2.8147610141000516,0.9444444444444444,0.16666666666666666,1.4159109485349706,1.2190971693522912,1.5149215447670097,0.45,0.55,0,,,,,,,,,,,,,,,,,,,,,,,,,,,,,2.5777459515530077,2.5018181527498875,2.4258903539467678,0.6381917955830658,-2.176569218516986,-4.129169659954845,-3.4952883834061246,-2.8614071068574045,-3.607582706845901,-4.550909289196859,-3.46237233956595,-0.3419718579531663,2.36563153941893,2.1836553471062556,2.001679154793581,-0.10958962187019172,-2.863955926650992,-2.6996147845217746,2.329238769124184,7.358092322770143,,,,,,,,,,,,,,,,,,,,,,,,,9,0.5,
olympiadbench-641,processbench,olympiadbench,olympiadbench,Llama-3.1-70B-Instruct,,1,final_answer_correct,True,True,,False,,,,8,-0.03885506195962174,1.9866053753341375,2.0254604372937592,2.4422522694126134,10.468561181905216,-6.118984603334047,4.3495765785711695,1.3105481578466887,0.26664695392045495,-2.094624524671527,-3.4051726825182156,29.065734064736745,0.06968550777979825,6,5,0.15789473684210525,0.8421052631578947,8.105589978668185,2.362971203237032,3.330905306352414,3.2740354850092723,0.9444444444444444,0.7777777777777778,1.1082723229096847,0.8367645962747934,0.9131336645577512,0.6,0.4,0,,,,,,,,,,,,,,,,,,,,,,,,,,,,,-0.03885506195962174,1.8540417417007626,3.746938545361147,4.3495765785711695,1.7265676856552865,-0.8964412072605974,-1.5679911771413262,-0.7759469547456885,0.01609726764994912,0.10951461128995597,0.08649414180402407,0.1596824224409455,0.8101232038149815,1.4605639851890173,0.4290863666844913,-2.8449491183247813,-6.118984603334047,-4.675205237370689,-1.3442999310182753,1.9866053753341375,,,,,,,,,,,,,,,,,,,,,,,,,8,0.6071428571428571,
olympiadbench-648,processbench,olympiadbench,olympiadbench,Llama-3.1-70B-Instruct,,1,final_answer_correct,True,True,,False,,,,3,0.0,4.918335234242356,4.918335234242356,2.683915003707157,9.577810719314062,-4.659475485071705,4.918335234242356,-1.553158495023902,-3.4021567033856903,2.329737742535852,3.8828962375597538,14.237286204385766,0.3454545454545455,1,1,1.0,0.47368421052631576,9.577810719314062,0.0,1.0354389966826023,0.5177194983413007,0.5555555555555556,0.1111111111111111,0.08628658305688412,0.7118643102192882,1.7473033069018897,0.25,0.7,0,,,,,,,,,,,,,,,,,,,,,,,,,,,,,0.0,-0.5177194983413006,-1.0354389966826012,-1.553158495023902,-2.0708779933652024,-2.588597491706503,-3.106316990047804,-3.624036488389104,-4.141755986730405,-4.659475485071705,-4.400615735901056,-3.3651767392184535,-2.3297377425358534,-1.2942987458532533,-0.258859749170651,0.7765792475119513,1.812018244194551,2.8474572408771515,3.8828962375597538,4.918335234242356,,,,,,,,,,,,,,,,,,,,,,,,,3,1.0,
olympiadbench-651,processbench,olympiadbench,olympiadbench,Llama-3.1-70B-Instruct,,1,final_answer_correct,True,True,,False,,,,6,4.016741206310207,-1.973632573025861,-5.990373779336068,5.176672914525882,15.594670511981512,-9.659395147806276,5.9352753641752365,5.062987224347755,-0.049739540182675866,-6.314761109292527,-11.377748333640282,25.198967244626957,0.23772298765987576,2,1,0.21052631578947367,0.7894736842105263,7.685762574780415,7.908907937201097,2.1348897542971503,2.1340924577437246,1.0,0.7777777777777778,0.3853667765515494,2.254558390963793,2.394350034293774,0.55,0.45,0,,,,,,,,,,,,,,,,,,,,,,,,,,,,,4.016741206310207,4.550268514453495,5.083795822596783,5.617323130740072,5.9352753641752365,5.390927298777909,4.84657923338058,4.302231167983251,3.3490660520423567,1.7826753602861118,0.2162846685298665,-1.3501060232263806,-3.257117774575108,-5.391210232318827,-7.525302690062551,-9.659395147806276,-8.378301835917307,-6.243412081620161,-4.108522327323011,-1.973632573025861,,,,,,,,,,,,,,,,,,,,,,,,,6,1.0,
olympiadbench-682,processbench,olympiadbench,olympiadbench,Llama-3.1-70B-Instruct,,1,final_answer_correct,True,True,,False,,,,6,6.015891580831374,-10.049323745570954,-16.065215326402328,4.544723308235903,16.065215326402328,-10.049323745570954,6.015891580831374,3.942545316299291,1.359001857142497,-5.265232787583582,-9.207778103882873,22.401032403630673,0.7171640590903542,2,1,0.0,1.0,0.0,16.065215326402328,1.0559695128713908,2.1090436609611123,0.3333333333333333,0.9444444444444444,0.5253362546003578,2.1115710564960875,1.8355993820665364,0.55,0.45,0,,,,,,,,,,,,,,,,,,,,,,,,,,,,,6.015891580831374,4.9633103108278345,3.9107290408242954,2.8581477708207563,2.2272766573922023,3.2832461702635927,4.339215683134983,5.3951851960063735,5.186111475979945,3.079472906606781,0.9728343372336177,-1.133804232139548,-1.9856962136830139,-2.001090470006677,-2.016484726330341,-2.0318789826540042,-3.7221927626876217,-5.831236423648729,-7.940280084609841,-10.049323745570954,,,,,,,,,,,,,,,,,,,,,,,,,6,1.0,
olympiadbench-695,processbench,olympiadbench,olympiadbench,Llama-3.1-70B-Instruct,,1,final_answer_correct,True,True,,False,,,,6,0.019711296892466496,-0.017139233141915493,-0.03685053003438199,2.7437166335809393,9.306441764189788,-3.652894114302628,5.653547649887161,3.106033509151163,-1.9548646052406846,-1.3436169989263853,-4.449650508077548,18.576032998345198,0.001983767472724921,2,1,0.21052631578947367,0.631578947368421,3.6357548811607128,5.670686883029076,1.5647999778057573,1.5620178133359164,0.05555555555555555,0.2777777777777778,0.29012774339802344,1.1354864386968777,1.135662422006126,0.4,0.6,0,,,,,,,,,,,,,,,,,,,,,,,,,,,,,0.019711296892466496,1.5845112746982235,3.149311252503981,4.714111230309737,5.653547649887161,4.091529836551245,2.5295120232153283,0.9674942098794119,-0.38916792396516414,-1.4377965385727316,-2.4864251531802988,-3.5350537677878675,-3.652894114302628,-3.1502089487555143,-2.647523783208399,-2.144838617661284,-1.6175305632023993,-1.0840667865155722,-0.5506030098287438,-0.017139233141915493,,,,,,,,,,,,,,,,,,,,,,,,,6,1.0,
olympiadbench-702,processbench,olympiadbench,olympiadbench,Llama-3.1-70B-Instruct,,1,final_answer_correct,True,True,,False,,,,12,-2.511827764234648,0.09121584216624405,2.6030436064008917,2.76645627846225,8.917961189306496,-4.204400298067248,4.713560891239248,0.3582168603382308,-0.39194603791805677,0.1593606049691154,-0.19885625536911541,37.25984130291671,0.0698619080322579,7,5,0.10526315789473684,0.3684210526315789,4.295616140233492,4.622345049073004,4.431700381566037,5.34905180788953,0.0,0.7777777777777778,2.198850755264065,1.220493477047148,1.1844905077093526,0.55,0.45,0,,,,,,,,,,,,,,,,,,,,,,,,,,,,,-2.511827764234648,1.919872617331389,4.713560891239248,3.139216878058626,0.8193262035191085,-2.1218533554861563,-3.450777448059953,-4.204400298067248,-2.787800647812765,-1.9491510418761495,-2.121914013495808,0.13238587166884042,3.7735788178530805,4.413679046303653,3.719298591241457,-1.6297532166480728,-2.9123323685062488,0.6848556668732142,1.0028791146880989,0.09121584216624405,,,,,,,,,,,,,,,,,,,,,,,,,12,0.3181818181818182,
olympiadbench-741,processbench,olympiadbench,olympiadbench,Llama-3.1-70B-Instruct,,1,final_answer_correct,True,True,,False,,,,21,2.5906731782970516,-0.07616303206073839,-2.66683621035779,2.548824808610735,9.36574419975755,-5.459273593353871,3.906470606403678,1.1911046133155845,0.41615148608186786,-1.8530750094177577,-3.044179622733342,59.48668091218051,0.04483081203160097,11,9,0.15789473684210525,0.8421052631578947,5.383110561293133,3.9826336384644163,4.561549338024989,6.536760320235296,0.2222222222222222,0.6666666666666666,5.614057535401157,1.0550605536683018,1.0484434217045209,0.4,0.6,0,,,,,,,,,,,,,,,,,,,,,,,,,,,,,2.5906731782970516,-2.1951218388949756,2.0967410663072625,3.906470606403678,-0.875239066271978,3.686310271753011,-0.8721019243849585,-1.783073268065618,2.186341783835759,2.705348258440666,-1.2825480145447665,0.2348998535148823,3.694426054813724,-2.842334265421572,-3.6621786446917834,-0.7639042342619706,-5.459273593353871,-1.0520905025685243,-0.10484004956965876,-0.07616303206073839,,,,,,,,,,,,,,,,,,,,,,,,,21,0.14285714285714285,
olympiadbench-743,processbench,olympiadbench,olympiadbench,Llama-3.1-70B-Instruct,,1,final_answer_correct,True,True,,False,,,,6,-3.9998237742919525,5.9731542520197625,9.972978026311715,2.8125970655145447,11.131506680989954,-5.158352428970192,5.9731542520197625,-0.11081410419118491,-1.5226538127249654,1.4556547414817966,1.5664688456729816,33.659214838038466,0.2962926519320111,4,5,1.0,0.42105263157894735,11.131506680989954,0.0,2.1136246754348402,2.6376217306847485,0.5555555555555556,0.2777777777777778,0.8802271008179043,1.0702923971643368,1.2053097456404505,0.5,0.5,0,,,,,,,,,,,,,,,,,,,,,,,,,,,,,-3.9998237742919525,-1.8895648133051446,0.2206941476816633,2.3309531086684716,3.4916359313209706,0.8540142006362226,-1.783607530048526,-4.4212292607332735,-5.158352428970192,-3.0447277535353527,-0.9311030781005138,1.1825215973343264,1.3893454583938245,0.3249687765364222,-0.7394079053209821,-1.8037845871783866,-0.3345937813246862,1.767988896456794,3.8705715742382782,5.9731542520197625,,,,,,,,,,,,,,,,,,,,,,,,,6,1.0,
olympiadbench-774,processbench,olympiadbench,olympiadbench,Llama-3.1-70B-Instruct,,1,final_answer_correct,True,True,,False,,,,6,-1.984344673435271,2.0030894366982,3.9874341101334707,4.2138312044335695,14.805465529152038,-7.743787084050894,7.061678445101142,1.4376735242970657,1.6682885270442145,-3.6278975146774215,-5.065571038974487,33.59836516843754,0.11867940866001674,2,3,0.3684210526315789,0.7894736842105263,9.746876520749094,5.058589008402942,2.649401072076153,2.6259014597246315,0.9444444444444444,0.5555555555555556,0.5562344968879651,1.7524183032112561,1.7537008396450346,0.5,0.5,0,,,,,,,,,,,,,,,,,,,,,,,,,,,,,-1.984344673435271,-0.9346417114716219,0.1150612504920272,1.1647642124556759,2.320598573468754,3.9009585306795502,5.481318487890346,7.061678445101142,6.959533835537771,4.333632375813142,1.7077309160885124,-0.9181705436361192,-2.9310737869467913,-4.535311552648157,-6.139549318349526,-7.743787084050894,-5.945113779530253,-3.295712707454106,-0.6463116353779528,2.0030894366982,,,,,,,,,,,,,,,,,,,,,,,,,6,1.0,
olympiadbench-776,processbench,olympiadbench,olympiadbench,Llama-3.1-70B-Instruct,,1,final_answer_correct,True,True,,False,,,,5,4.278254314581251,-2.13908248427182,-6.417336798853071,2.7180716280088246,8.316168723187932,-4.037914408606681,4.278254314581251,2.923378188053523,-0.7431862585734502,-3.2003205322954353,-6.123698720348958,10.21500064752279,0.6282267637848188,1,1,0.0,0.7368421052631579,1.8988319243348606,6.417336798853071,0.44685963638068316,0.8950053938935257,0.9444444444444444,0.5555555555555556,0.0992275598670997,1.123147360092599,1.3201763444632044,0.5,0.5,0,,,,,,,,,,,,,,,,,,,,,,,,,,,,,4.278254314581251,3.8265974194812937,3.374940524381336,2.923283629281378,2.4716267341814206,2.020080157648964,1.5688645368190124,1.1176489159890604,0.6664332951591083,0.21521767432915628,-0.4578928330325821,-1.3528982269261078,-2.2479036208196312,-3.142909014713155,-4.037914408606681,-3.9265210297945505,-3.4796613934138683,-3.0328017570331864,-2.5859421206525033,-2.13908248427182,,,,,,,,,,,,,,,,,,,,,,,,,5,1.0,
olympiadbench-795,processbench,olympiadbench,olympiadbench,Llama-3.1-70B-Instruct,,1,final_answer_correct,True,True,,False,,,,7,6.6886919624519905,-3.0599146781214515,-9.748606640573442,4.588618362268665,13.948874732960741,-5.917840964332658,8.031033768628083,5.101671317717499,-1.6147497809102582,-4.7047027200173135,-9.806374037734813,21.626753607315546,0.45076606584521506,4,3,0.15789473684210525,0.8421052631578947,2.8579262862112067,11.090948446749534,0.9526420954037373,3.2808322142517445,0.9444444444444444,0.2222222222222222,0.6902500222646557,1.8468247836958451,2.037813061818505,0.35,0.65,0,,,,,,,,,,,,,,,,,,,,,,,,,,,,,6.6886919624519905,7.136139231177355,7.583586499902719,8.031033768628083,5.371581468205857,2.0907492539541126,-1.190082960297632,-1.704091901386964,-0.8346892058950885,0.034713489596787106,-0.21157046694413795,-1.5735410755178676,-2.935511684091594,-4.078557622132942,-4.783754219109533,-5.488950816086124,-5.917840964332658,-4.965198868928924,-4.012556773525187,-3.0599146781214515,,,,,,,,,,,,,,,,,,,,,,,,,7,0.7619047619047619,
